Country Name,Year,Value
Africa Eastern and Southern,2000,85.55891819
Africa Eastern and Southern,2001,82.50324752
Africa Eastern and Southern,2002,79.37053949
Africa Eastern and Southern,2003,76.20230254
Africa Eastern and Southern,2004,73.02653975
Africa Eastern and Southern,2005,70.01817136
Africa Eastern and Southern,2006,67.28585678
Africa Eastern and Southern,2007,64.60789371
Africa Eastern and Southern,2008,62.01244034
Africa Eastern and Southern,2009,59.73133978
Africa Eastern and Southern,2010,57.63014072
Africa Eastern and Southern,2011,55.59498006
Africa Eastern and Southern,2012,53.71322022
Africa Eastern and Southern,2013,52.02814507
Africa Eastern and Southern,2014,50.51858549
Africa Eastern and Southern,2015,49.13706055
Afghanistan,2000,92
Afghanistan,2001,89.3
Afghanistan,2002,86.6
Afghanistan,2003,83.7
Afghanistan,2004,80.9
Afghanistan,2005,78
Afghanistan,2006,75.1
Afghanistan,2007,72.3
Afghanistan,2008,69.6
Afghanistan,2009,67
Afghanistan,2010,64.6
Afghanistan,2011,62.3
Afghanistan,2012,60.1
Afghanistan,2013,58.1
Afghanistan,2014,56.2
Afghanistan,2015,54.6
Africa Western and Central,2000,99.0034981
Africa Western and Central,2001,96.39607709
Africa Western and Central,2002,93.73103829
Africa Western and Central,2003,91.01662481
Africa Western and Central,2004,88.3068568
Africa Western and Central,2005,85.6584281
Africa Western and Central,2006,83.23870936
Africa Western and Central,2007,80.9359069
Africa Western and Central,2008,78.86099599
Africa Western and Central,2009,76.9727977
Africa Western and Central,2010,75.23178501
Africa Western and Central,2011,73.70951852
Africa Western and Central,2012,72.28536145
Africa Western and Central,2013,70.93596854
Africa Western and Central,2014,69.8470234
Africa Western and Central,2015,68.6722269
Angola,2000,120.7
Angola,2001,117.5
Angola,2002,113.7
Angola,2003,109.5
Angola,2004,104.9
Angola,2005,100.2
Angola,2006,95.1
Angola,2007,90
Angola,2008,85
Angola,2009,80
Angola,2010,75.5
Angola,2011,71
Angola,2012,66.9
Angola,2013,63.3
Angola,2014,60.3
Angola,2015,57.6
Albania,2000,24
Albania,2001,22.9
Albania,2002,21.6
Albania,2003,20.4
Albania,2004,19.1
Albania,2005,17.8
Albania,2006,16.5
Albania,2007,15.3
Albania,2008,14.1
Albania,2009,12.9
Albania,2010,11.9
Albania,2011,10.8
Albania,2012,10
Albania,2013,9.3
Albania,2014,8.8
Albania,2015,8.5
Andorra,2000,6.5
Andorra,2001,6.3
Andorra,2002,6
Andorra,2003,5.8
Andorra,2004,5.6
Andorra,2005,5.3
Andorra,2006,5.1
Andorra,2007,4.9
Andorra,2008,4.7
Andorra,2009,4.4
Andorra,2010,4.3
Andorra,2011,4.1
Andorra,2012,3.9
Andorra,2013,3.7
Andorra,2014,3.5
Andorra,2015,3.4
Arab World,2000,43.70606812
Arab World,2001,42.29710849
Arab World,2002,41.00165736
Arab World,2003,39.7154126
Arab World,2004,38.51231213
Arab World,2005,37.35971118
Arab World,2006,36.22689661
Arab World,2007,34.94339205
Arab World,2008,33.77474649
Arab World,2009,32.67920922
Arab World,2010,31.54476316
Arab World,2011,30.6936152
Arab World,2012,30.16687064
Arab World,2013,29.45515611
Arab World,2014,28.64847169
Arab World,2015,28.04564564
United Arab Emirates,2000,8.4
United Arab Emirates,2001,8.2
United Arab Emirates,2002,8.1
United Arab Emirates,2003,8
United Arab Emirates,2004,7.8
United Arab Emirates,2005,7.7
United Arab Emirates,2006,7.5
United Arab Emirates,2007,7.4
United Arab Emirates,2008,7.3
United Arab Emirates,2009,7.1
United Arab Emirates,2010,7
United Arab Emirates,2011,6.8
United Arab Emirates,2012,6.7
United Arab Emirates,2013,6.5
United Arab Emirates,2014,6.3
United Arab Emirates,2015,6.1
Argentina,2000,17.3
Argentina,2001,16.8
Argentina,2002,16.4
Argentina,2003,15.9
Argentina,2004,15.4
Argentina,2005,15
Argentina,2006,14.5
Argentina,2007,14.1
Argentina,2008,13.8
Argentina,2009,13.4
Argentina,2010,12.9
Argentina,2011,12.4
Argentina,2012,11.9
Argentina,2013,11.4
Argentina,2014,10.9
Argentina,2015,10.5
Armenia,2000,27
Armenia,2001,25.7
Armenia,2002,24.6
Armenia,2003,23.4
Armenia,2004,22.3
Armenia,2005,21.2
Armenia,2006,20.2
Armenia,2007,19.2
Armenia,2008,18.3
Armenia,2009,17.4
Armenia,2010,16.6
Armenia,2011,15.8
Armenia,2012,15
Armenia,2013,14.3
Armenia,2014,13.6
Armenia,2015,12.9
Antigua and Barbuda,2000,12.2
Antigua and Barbuda,2001,12
Antigua and Barbuda,2002,11.7
Antigua and Barbuda,2003,11.5
Antigua and Barbuda,2004,11.2
Antigua and Barbuda,2005,11
Antigua and Barbuda,2006,10.8
Antigua and Barbuda,2007,10.5
Antigua and Barbuda,2008,10.3
Antigua and Barbuda,2009,10.1
Antigua and Barbuda,2010,10
Antigua and Barbuda,2011,9.8
Antigua and Barbuda,2012,9.6
Antigua and Barbuda,2013,9.5
Antigua and Barbuda,2014,9.4
Antigua and Barbuda,2015,9.2
Australia,2000,5.1
Australia,2001,5
Australia,2002,5
Australia,2003,4.9
Australia,2004,4.8
Australia,2005,4.8
Australia,2006,4.7
Australia,2007,4.5
Australia,2008,4.4
Australia,2009,4.2
Australia,2010,4
Australia,2011,3.8
Australia,2012,3.6
Australia,2013,3.5
Australia,2014,3.4
Australia,2015,3.3
Austria,2000,4.6
Austria,2001,4.5
Austria,2002,4.4
Austria,2003,4.3
Austria,2004,4.2
Austria,2005,4.1
Austria,2006,4
Austria,2007,3.9
Austria,2008,3.8
Austria,2009,3.7
Austria,2010,3.6
Austria,2011,3.5
Austria,2012,3.3
Austria,2013,3.2
Austria,2014,3.1
Austria,2015,3.1
Azerbaijan,2000,61
Azerbaijan,2001,57.2
Azerbaijan,2002,53.6
Azerbaijan,2003,50.3
Azerbaijan,2004,47.1
Azerbaijan,2005,44.3
Azerbaijan,2006,41.7
Azerbaijan,2007,39.3
Azerbaijan,2008,37
Azerbaijan,2009,34.8
Azerbaijan,2010,32.7
Azerbaijan,2011,30.7
Azerbaijan,2012,28.8
Azerbaijan,2013,26.9
Azerbaijan,2014,25.2
Azerbaijan,2015,23.6
Burundi,2000,94.4
Burundi,2001,91.6
Burundi,2002,88.6
Burundi,2003,85.4
Burundi,2004,81.9
Burundi,2005,78.1
Burundi,2006,74.1
Burundi,2007,70
Burundi,2008,66.2
Burundi,2009,62.6
Burundi,2010,59.2
Burundi,2011,56.1
Burundi,2012,53.2
Burundi,2013,50.5
Burundi,2014,48.1
Burundi,2015,46
Belgium,2000,4.9
Belgium,2001,4.7
Belgium,2002,4.5
Belgium,2003,4.4
Belgium,2004,4.3
Belgium,2005,4.1
Belgium,2006,4
Belgium,2007,3.9
Belgium,2008,3.8
Belgium,2009,3.8
Belgium,2010,3.7
Belgium,2011,3.6
Belgium,2012,3.5
Belgium,2013,3.5
Belgium,2014,3.4
Belgium,2015,3.4
Benin,2000,84.7
Benin,2001,83
Benin,2002,81.2
Benin,2003,79.5
Benin,2004,77.9
Benin,2005,76.3
Benin,2006,74.8
Benin,2007,73.4
Benin,2008,72
Benin,2009,70.7
Benin,2010,69.4
Benin,2011,68.1
Benin,2012,66.8
Benin,2013,65.5
Benin,2014,64.3
Benin,2015,63
Burkina Faso,2000,90.5
Burkina Faso,2001,88.9
Burkina Faso,2002,87.2
Burkina Faso,2003,85.2
Burkina Faso,2004,82.9
Burkina Faso,2005,80.4
Burkina Faso,2006,77.7
Burkina Faso,2007,75.1
Burkina Faso,2008,72.5
Burkina Faso,2009,70.2
Burkina Faso,2010,68
Burkina Faso,2011,66
Burkina Faso,2012,64.2
Burkina Faso,2013,62.5
Burkina Faso,2014,61
Burkina Faso,2015,59.4
Bangladesh,2000,63
Bangladesh,2001,59.9
Bangladesh,2002,57
Bangladesh,2003,54.3
Bangladesh,2004,51.7
Bangladesh,2005,49.3
Bangladesh,2006,47
Bangladesh,2007,44.8
Bangladesh,2008,42.7
Bangladesh,2009,40.7
Bangladesh,2010,38.9
Bangladesh,2011,37.2
Bangladesh,2012,35.6
Bangladesh,2013,34.1
Bangladesh,2014,32.7
Bangladesh,2015,31.4
Bulgaria,2000,14.4
Bulgaria,2001,13.8
Bulgaria,2002,13.2
Bulgaria,2003,12.5
Bulgaria,2004,11.8
Bulgaria,2005,11
Bulgaria,2006,10.4
Bulgaria,2007,9.9
Bulgaria,2008,9.6
Bulgaria,2009,9.3
Bulgaria,2010,9
Bulgaria,2011,8.7
Bulgaria,2012,8.2
Bulgaria,2013,7.7
Bulgaria,2014,7.3
Bulgaria,2015,6.8
Bahrain,2000,10.7
Bahrain,2001,10.3
Bahrain,2002,10
Bahrain,2003,9.7
Bahrain,2004,9.4
Bahrain,2005,9.1
Bahrain,2006,8.8
Bahrain,2007,8.5
Bahrain,2008,8.1
Bahrain,2009,7.8
Bahrain,2010,7.4
Bahrain,2011,7.2
Bahrain,2012,7
Bahrain,2013,6.8
Bahrain,2014,6.6
Bahrain,2015,6.5
Bahamas,2000,13.8
Bahamas,2001,13.9
Bahamas,2002,14.1
Bahamas,2003,14.3
Bahamas,2004,14.4
Bahamas,2005,14.4
Bahamas,2006,14.3
Bahamas,2007,14.2
Bahamas,2008,13.9
Bahamas,2009,13.6
Bahamas,2010,13.3
Bahamas,2011,13
Bahamas,2012,12.7
Bahamas,2013,12.4
Bahamas,2014,12.2
Bahamas,2015,12
Bosnia and Herzegovina,2000,8.5
Bosnia and Herzegovina,2001,8
Bosnia and Herzegovina,2002,7.5
Bosnia and Herzegovina,2003,7.1
Bosnia and Herzegovina,2004,6.8
Bosnia and Herzegovina,2005,6.5
Bosnia and Herzegovina,2006,6.3
Bosnia and Herzegovina,2007,6.2
Bosnia and Herzegovina,2008,6.1
Bosnia and Herzegovina,2009,6
Bosnia and Herzegovina,2010,5.8
Bosnia and Herzegovina,2011,5.7
Bosnia and Herzegovina,2012,5.7
Bosnia and Herzegovina,2013,5.6
Bosnia and Herzegovina,2014,5.5
Bosnia and Herzegovina,2015,5.5
Belarus,2000,10
Belarus,2001,9.2
Belarus,2002,8.5
Belarus,2003,7.9
Belarus,2004,7.3
Belarus,2005,6.7
Belarus,2006,6.2
Belarus,2007,5.6
Belarus,2008,5.1
Belarus,2009,4.7
Belarus,2010,4.3
Belarus,2011,4
Belarus,2012,3.7
Belarus,2013,3.5
Belarus,2014,3.3
Belarus,2015,3.1
Belize,2000,20.6
Belize,2001,19.9
Belize,2002,19.3
Belize,2003,18.7
Belize,2004,18.3
Belize,2005,17.8
Belize,2006,17.4
Belize,2007,17.1
Belize,2008,16.8
Belize,2009,16.4
Belize,2010,16.1
Belize,2011,15.6
Belize,2012,15.2
Belize,2013,14.7
Belize,2014,14.1
Belize,2015,13.5
Bolivia (Plurinational State of),2000,55.9
Bolivia (Plurinational State of),2001,53.2
Bolivia (Plurinational State of),2002,50.5
Bolivia (Plurinational State of),2003,48
Bolivia (Plurinational State of),2004,45.6
Bolivia (Plurinational State of),2005,43.3
Bolivia (Plurinational State of),2006,41.1
Bolivia (Plurinational State of),2007,39
Bolivia (Plurinational State of),2008,37
Bolivia (Plurinational State of),2009,35.1
Bolivia (Plurinational State of),2010,33.3
Bolivia (Plurinational State of),2011,31.6
Bolivia (Plurinational State of),2012,30
Bolivia (Plurinational State of),2013,28.5
Bolivia (Plurinational State of),2014,27
Bolivia (Plurinational State of),2015,25.8
Brazil,2000,30.3
Brazil,2001,28.5
Brazil,2002,26.7
Brazil,2003,25
Brazil,2004,23.5
Brazil,2005,22
Brazil,2006,20.6
Brazil,2007,19.4
Brazil,2008,18.4
Brazil,2009,17.4
Brazil,2010,16.6
Brazil,2011,16
Brazil,2012,15.4
Brazil,2013,14.9
Brazil,2014,14.5
Brazil,2015,14.2
Barbados,2000,13.4
Barbados,2001,13.6
Barbados,2002,13.8
Barbados,2003,14
Barbados,2004,14.1
Barbados,2005,14.1
Barbados,2006,14
Barbados,2007,13.8
Barbados,2008,13.6
Barbados,2009,13.5
Barbados,2010,13.3
Barbados,2011,13.1
Barbados,2012,13
Barbados,2013,12.8
Barbados,2014,12.6
Barbados,2015,12.4
Brunei Darussalam,2000,8.4
Brunei Darussalam,2001,8.2
Brunei Darussalam,2002,8
Brunei Darussalam,2003,7.9
Brunei Darussalam,2004,7.9
Brunei Darussalam,2005,7.8
Brunei Darussalam,2006,7.9
Brunei Darussalam,2007,7.9
Brunei Darussalam,2008,8
Brunei Darussalam,2009,8.1
Brunei Darussalam,2010,8.1
Brunei Darussalam,2011,8.2
Brunei Darussalam,2012,8.3
Brunei Darussalam,2013,8.4
Brunei Darussalam,2014,8.5
Brunei Darussalam,2015,8.5
Bhutan,2000,58.4
Bhutan,2001,55.6
Bhutan,2002,52.7
Bhutan,2003,49.9
Bhutan,2004,47.1
Bhutan,2005,44.4
Bhutan,2006,41.7
Bhutan,2007,39.3
Bhutan,2008,36.9
Bhutan,2009,34.6
Bhutan,2010,32.6
Bhutan,2011,30.7
Bhutan,2012,29.1
Bhutan,2013,27.8
Bhutan,2014,26.6
Bhutan,2015,25.5
Botswana,2000,38.3
Botswana,2001,37.5
Botswana,2002,38.1
Botswana,2003,39.5
Botswana,2004,41
Botswana,2005,39.9
Botswana,2006,41
Botswana,2007,44.1
Botswana,2008,45.7
Botswana,2009,45.3
Botswana,2010,45.6
Botswana,2011,46.2
Botswana,2012,42.2
Botswana,2013,40.4
Botswana,2014,40.3
Botswana,2015,38.9
Central African Republic,2000,108
Central African Republic,2001,106.7
Central African Republic,2002,105.3
Central African Republic,2003,103.6
Central African Republic,2004,101.8
Central African Republic,2005,100
Central African Republic,2006,97.7
Central African Republic,2007,95.8
Central African Republic,2008,94.1
Central African Republic,2009,92.2
Central African Republic,2010,90.5
Central African Republic,2011,88.8
Central African Republic,2012,87.3
Central African Republic,2013,86.4
Central African Republic,2014,84.8
Central African Republic,2015,83.3
Canada,2000,5.3
Canada,2001,5.3
Canada,2002,5.3
Canada,2003,5.3
Canada,2004,5.3
Canada,2005,5.2
Canada,2006,5.2
Canada,2007,5.1
Canada,2008,5.1
Canada,2009,5
Canada,2010,5
Canada,2011,4.9
Canada,2012,4.8
Canada,2013,4.8
Canada,2014,4.7
Canada,2015,4.7
Central Europe and the Baltics,2000,10.38372097
Central Europe and the Baltics,2001,9.846233032
Central Europe and the Baltics,2002,9.536429435
Central Europe and the Baltics,2003,9.277011936
Central Europe and the Baltics,2004,8.90048878
Central Europe and the Baltics,2005,8.458640497
Central Europe and the Baltics,2006,7.923676957
Central Europe and the Baltics,2007,7.387344875
Central Europe and the Baltics,2008,6.976707061
Central Europe and the Baltics,2009,6.610925744
Central Europe and the Baltics,2010,6.171280333
Central Europe and the Baltics,2011,5.875296068
Central Europe and the Baltics,2012,5.617650377
Central Europe and the Baltics,2013,5.323765744
Central Europe and the Baltics,2014,5.090170541
Central Europe and the Baltics,2015,4.883225174
Switzerland,2000,4.7
Switzerland,2001,4.6
Switzerland,2002,4.5
Switzerland,2003,4.5
Switzerland,2004,4.4
Switzerland,2005,4.3
Switzerland,2006,4.2
Switzerland,2007,4.1
Switzerland,2008,4
Switzerland,2009,4
Switzerland,2010,3.9
Switzerland,2011,3.9
Switzerland,2012,3.8
Switzerland,2013,3.8
Switzerland,2014,3.7
Switzerland,2015,3.7
Chile,2000,9.3
Chile,2001,8.7
Chile,2002,8.4
Chile,2003,8.1
Chile,2004,7.9
Chile,2005,7.8
Chile,2006,7.7
Chile,2007,7.6
Chile,2008,7.6
Chile,2009,7.6
Chile,2010,7.5
Chile,2011,7.3
Chile,2012,7.2
Chile,2013,7.1
Chile,2014,7
Chile,2015,6.8
China,2000,29.9
China,2001,27.8
China,2002,25.7
China,2003,23.5
China,2004,21.4
China,2005,19.4
China,2006,17.7
China,2007,16.1
China,2008,14.8
China,2009,13.6
China,2010,12.5
China,2011,11.5
China,2012,10.5
China,2013,9.7
China,2014,8.9
China,2015,8.2
Cote d'Ivoire,2000,94.3
Cote d'Ivoire,2001,92.3
Cote d'Ivoire,2002,90.1
Cote d'Ivoire,2003,87.9
Cote d'Ivoire,2004,85.7
Cote d'Ivoire,2005,83.3
Cote d'Ivoire,2006,81.2
Cote d'Ivoire,2007,78.8
Cote d'Ivoire,2008,76.5
Cote d'Ivoire,2009,74.3
Cote d'Ivoire,2010,72.3
Cote d'Ivoire,2011,70.5
Cote d'Ivoire,2012,68.6
Cote d'Ivoire,2013,66.6
Cote d'Ivoire,2014,64.7
Cote d'Ivoire,2015,62.9
Cameroon,2000,87.8
Cameroon,2001,86
Cameroon,2002,84
Cameroon,2003,81.9
Cameroon,2004,79.9
Cameroon,2005,78.3
Cameroon,2006,76.4
Cameroon,2007,74.8
Cameroon,2008,72.9
Cameroon,2009,71.3
Cameroon,2010,68.8
Cameroon,2011,66.8
Cameroon,2012,64.5
Cameroon,2013,62
Cameroon,2014,60.1
Cameroon,2015,57.8
Democratic Republic of the Congo,2000,106.3
Democratic Republic of the Congo,2001,104.2
Democratic Republic of the Congo,2002,102
Democratic Republic of the Congo,2003,99.8
Democratic Republic of the Congo,2004,97.5
Democratic Republic of the Congo,2005,95.2
Democratic Republic of the Congo,2006,92.8
Democratic Republic of the Congo,2007,90.4
Democratic Republic of the Congo,2008,88
Democratic Republic of the Congo,2009,85.7
Democratic Republic of the Congo,2010,83.4
Democratic Republic of the Congo,2011,81.2
Democratic Republic of the Congo,2012,78.9
Democratic Republic of the Congo,2013,76.7
Democratic Republic of the Congo,2014,74.6
Democratic Republic of the Congo,2015,72.8
"Congo, Rep.",2000,72
"Congo, Rep.",2001,70.3
"Congo, Rep.",2002,67.6
"Congo, Rep.",2003,64.3
"Congo, Rep.",2004,60.5
"Congo, Rep.",2005,56.7
"Congo, Rep.",2006,53.1
"Congo, Rep.",2007,49.8
"Congo, Rep.",2008,47
"Congo, Rep.",2009,44.9
"Congo, Rep.",2010,43.2
"Congo, Rep.",2011,41.9
"Congo, Rep.",2012,40.8
"Congo, Rep.",2013,39.8
"Congo, Rep.",2014,38.8
"Congo, Rep.",2015,37.8
Colombia,2000,21.2
Colombia,2001,20.6
Colombia,2002,20
Colombia,2003,19.4
Colombia,2004,18.9
Colombia,2005,18.3
Colombia,2006,17.8
Colombia,2007,17.3
Colombia,2008,16.8
Colombia,2009,16.2
Colombia,2010,15.7
Colombia,2011,15.2
Colombia,2012,14.8
Colombia,2013,14.3
Colombia,2014,13.8
Colombia,2015,13.4
Comoros,2000,69.7
Comoros,2001,68.2
Comoros,2002,66.8
Comoros,2003,65.4
Comoros,2004,63.8
Comoros,2005,62.3
Comoros,2006,60.7
Comoros,2007,59.2
Comoros,2008,57.6
Comoros,2009,56.1
Comoros,2010,54.6
Comoros,2011,53.1
Comoros,2012,51.6
Comoros,2013,50.2
Comoros,2014,48.8
Comoros,2015,47.3
Cabo Verde,2000,28.4
Cabo Verde,2001,26.1
Cabo Verde,2002,24.4
Cabo Verde,2003,23.4
Cabo Verde,2004,22.9
Cabo Verde,2005,22.8
Cabo Verde,2006,22.8
Cabo Verde,2007,22.8
Cabo Verde,2008,22.6
Cabo Verde,2009,22.1
Cabo Verde,2010,21.4
Cabo Verde,2011,20.5
Cabo Verde,2012,19.4
Cabo Verde,2013,18.2
Cabo Verde,2014,16.9
Cabo Verde,2015,15.7
Costa Rica,2000,11.1
Costa Rica,2001,10.5
Costa Rica,2002,10.2
Costa Rica,2003,10
Costa Rica,2004,9.9
Costa Rica,2005,9.8
Costa Rica,2006,9.7
Costa Rica,2007,9.6
Costa Rica,2008,9.5
Costa Rica,2009,9.4
Costa Rica,2010,9.2
Costa Rica,2011,8.9
Costa Rica,2012,8.6
Costa Rica,2013,8.2
Costa Rica,2014,7.9
Costa Rica,2015,7.7
Caribbean small states,2000,25.47289658
Caribbean small states,2001,24.91143686
Caribbean small states,2002,24.43892446
Caribbean small states,2003,23.95612134
Caribbean small states,2004,23.48816351
Caribbean small states,2005,22.97295708
Caribbean small states,2006,22.6640679
Caribbean small states,2007,22.18483677
Caribbean small states,2008,21.67697449
Caribbean small states,2009,21.2373052
Caribbean small states,2010,20.98020194
Caribbean small states,2011,20.60282891
Caribbean small states,2012,20.18003799
Caribbean small states,2013,19.89772361
Caribbean small states,2014,19.36145549
Caribbean small states,2015,18.96076375
Cuba,2000,6.9
Cuba,2001,6.6
Cuba,2002,6.3
Cuba,2003,6.1
Cuba,2004,5.9
Cuba,2005,5.6
Cuba,2006,5.4
Cuba,2007,5.3
Cuba,2008,5.1
Cuba,2009,5
Cuba,2010,4.9
Cuba,2011,4.8
Cuba,2012,4.8
Cuba,2013,4.7
Cuba,2014,4.8
Cuba,2015,4.8
Cyprus,2000,5.6
Cyprus,2001,5.2
Cyprus,2002,4.9
Cyprus,2003,4.5
Cyprus,2004,4.2
Cyprus,2005,3.9
Cyprus,2006,3.7
Cyprus,2007,3.4
Cyprus,2008,3.2
Cyprus,2009,3
Cyprus,2010,2.8
Cyprus,2011,2.6
Cyprus,2012,2.5
Cyprus,2013,2.4
Cyprus,2014,2.4
Cyprus,2015,2.4
Czechia,2000,4.5
Czechia,2001,4.3
Czechia,2002,4.1
Czechia,2003,3.9
Czechia,2004,3.7
Czechia,2005,3.6
Czechia,2006,3.4
Czechia,2007,3.2
Czechia,2008,3
Czechia,2009,2.9
Czechia,2010,2.7
Czechia,2011,2.6
Czechia,2012,2.6
Czechia,2013,2.5
Czechia,2014,2.5
Czechia,2015,2.6
Germany,2000,4.4
Germany,2001,4.3
Germany,2002,4.2
Germany,2003,4.1
Germany,2004,4
Germany,2005,3.9
Germany,2006,3.8
Germany,2007,3.7
Germany,2008,3.6
Germany,2009,3.5
Germany,2010,3.5
Germany,2011,3.4
Germany,2012,3.4
Germany,2013,3.3
Germany,2014,3.3
Germany,2015,3.3
Djibouti,2000,79
Djibouti,2001,77.4
Djibouti,2002,75.8
Djibouti,2003,74.1
Djibouti,2004,72.5
Djibouti,2005,70.7
Djibouti,2006,69
Djibouti,2007,67.2
Djibouti,2008,65.5
Djibouti,2009,63.7
Djibouti,2010,62
Djibouti,2011,60.4
Djibouti,2012,58.8
Djibouti,2013,57.2
Djibouti,2014,55.7
Djibouti,2015,54.2
Dominica,2000,15.7
Dominica,2001,16.1
Dominica,2002,16.5
Dominica,2003,17
Dominica,2004,17.5
Dominica,2005,18.1
Dominica,2006,18.7
Dominica,2007,19.3
Dominica,2008,20
Dominica,2009,20.7
Dominica,2010,21.5
Dominica,2011,22.3
Dominica,2012,23.1
Dominica,2013,23.9
Dominica,2014,24.8
Dominica,2015,25.6
Denmark,2000,4.7
Denmark,2001,4.6
Denmark,2002,4.5
Denmark,2003,4.4
Denmark,2004,4.2
Denmark,2005,4.1
Denmark,2006,3.9
Denmark,2007,3.8
Denmark,2008,3.6
Denmark,2009,3.6
Denmark,2010,3.5
Denmark,2011,3.5
Denmark,2012,3.5
Denmark,2013,3.5
Denmark,2014,3.5
Denmark,2015,3.5
Dominican Republic,2000,32.3
Dominican Republic,2001,31.6
Dominican Republic,2002,31
Dominican Republic,2003,30.5
Dominican Republic,2004,30.1
Dominican Republic,2005,29.7
Dominican Republic,2006,29.4
Dominican Republic,2007,29.2
Dominican Republic,2008,29.1
Dominican Republic,2009,29
Dominican Republic,2010,28.9
Dominican Republic,2011,28.8
Dominican Republic,2012,28.8
Dominican Republic,2013,28.8
Dominican Republic,2014,28.8
Dominican Republic,2015,28.8
Algeria,2000,35.6
Algeria,2001,34.3
Algeria,2002,33
Algeria,2003,31.6
Algeria,2004,30.3
Algeria,2005,29
Algeria,2006,27.8
Algeria,2007,26.6
Algeria,2008,25.6
Algeria,2009,24.7
Algeria,2010,23.9
Algeria,2011,23.3
Algeria,2012,22.8
Algeria,2013,22.4
Algeria,2014,22
Algeria,2015,21.7
East Asia & Pacific (excluding high income),2000,33.24190425
East Asia & Pacific (excluding high income),2001,31.6013865
East Asia & Pacific (excluding high income),2002,29.84774164
East Asia & Pacific (excluding high income),2003,27.65641276
East Asia & Pacific (excluding high income),2004,26.25866983
East Asia & Pacific (excluding high income),2005,24.28871616
East Asia & Pacific (excluding high income),2006,22.86170826
East Asia & Pacific (excluding high income),2007,21.48217278
East Asia & Pacific (excluding high income),2008,20.6261329
East Asia & Pacific (excluding high income),2009,19.10696307
East Asia & Pacific (excluding high income),2010,18.09912123
East Asia & Pacific (excluding high income),2011,17.20187346
East Asia & Pacific (excluding high income),2012,16.03022102
East Asia & Pacific (excluding high income),2013,15.40516247
East Asia & Pacific (excluding high income),2014,14.55566875
East Asia & Pacific (excluding high income),2015,14.10330113
Early-demographic dividend,2000,57.99614564
Early-demographic dividend,2001,56.15419018
Early-demographic dividend,2002,54.35903082
Early-demographic dividend,2003,52.47889615
Early-demographic dividend,2004,50.82991021
Early-demographic dividend,2005,48.90461516
Early-demographic dividend,2006,47.09902187
Early-demographic dividend,2007,45.37907651
Early-demographic dividend,2008,43.8546602
Early-demographic dividend,2009,42.00665243
Early-demographic dividend,2010,40.47630916
Early-demographic dividend,2011,38.80492758
Early-demographic dividend,2012,37.27369745
Early-demographic dividend,2013,35.81066791
Early-demographic dividend,2014,34.30804609
Early-demographic dividend,2015,32.97013982
East Asia & Pacific,2000,31.3
East Asia & Pacific,2001,29.8
East Asia & Pacific,2002,28.1
East Asia & Pacific,2003,26.1
East Asia & Pacific,2004,24.8
East Asia & Pacific,2005,23
East Asia & Pacific,2006,21.6
East Asia & Pacific,2007,20.4
East Asia & Pacific,2008,19.5
East Asia & Pacific,2009,18.1
East Asia & Pacific,2010,17.2
East Asia & Pacific,2011,16.3
East Asia & Pacific,2012,15.3
East Asia & Pacific,2013,14.7
East Asia & Pacific,2014,13.9
East Asia & Pacific,2015,13.4
Europe & Central Asia (excluding high income),2000,35.55456122
Europe & Central Asia (excluding high income),2001,33.49156614
Europe & Central Asia (excluding high income),2002,31.55905558
Europe & Central Asia (excluding high income),2003,29.60879298
Europe & Central Asia (excluding high income),2004,27.84669907
Europe & Central Asia (excluding high income),2005,26.20288577
Europe & Central Asia (excluding high income),2006,24.61590375
Europe & Central Asia (excluding high income),2007,23.23288466
Europe & Central Asia (excluding high income),2008,21.80468688
Europe & Central Asia (excluding high income),2009,20.50353163
Europe & Central Asia (excluding high income),2010,19.38188169
Europe & Central Asia (excluding high income),2011,18.24122826
Europe & Central Asia (excluding high income),2012,17.17750208
Europe & Central Asia (excluding high income),2013,16.28344905
Europe & Central Asia (excluding high income),2014,15.45980899
Europe & Central Asia (excluding high income),2015,14.72556523
Europe & Central Asia,2000,17.6
Europe & Central Asia,2001,16.7
Europe & Central Asia,2002,15.7
Europe & Central Asia,2003,14.7
Europe & Central Asia,2004,13.9
Europe & Central Asia,2005,13.2
Europe & Central Asia,2006,12.5
Europe & Central Asia,2007,11.8
Europe & Central Asia,2008,11.2
Europe & Central Asia,2009,10.7
Europe & Central Asia,2010,10.1
Europe & Central Asia,2011,9.7
Europe & Central Asia,2012,9.3
Europe & Central Asia,2013,9
Europe & Central Asia,2014,8.6
Europe & Central Asia,2015,8.3
Ecuador,2000,24.6
Ecuador,2001,23.4
Ecuador,2002,22.4
Ecuador,2003,21.5
Ecuador,2004,20.6
Ecuador,2005,19.9
Ecuador,2006,19.1
Ecuador,2007,18.4
Ecuador,2008,17.6
Ecuador,2009,16.9
Ecuador,2010,16.2
Ecuador,2011,15.5
Ecuador,2012,14.8
Ecuador,2013,14.2
Ecuador,2014,13.7
Ecuador,2015,13.2
Egypt,2000,37.2
Egypt,2001,35.3
Egypt,2002,33.6
Egypt,2003,32
Egypt,2004,30.6
Egypt,2005,29.4
Egypt,2006,28.2
Egypt,2007,27.1
Egypt,2008,26
Egypt,2009,25
Egypt,2010,24
Egypt,2011,23
Egypt,2012,22.1
Egypt,2013,21.3
Egypt,2014,20.5
Egypt,2015,19.7
Euro area,2000,4.735003888
Euro area,2001,4.535752948
Euro area,2002,4.362019903
Euro area,2003,4.22317607
Euro area,2004,4.031301052
Euro area,2005,3.902685922
Euro area,2006,3.796902121
Euro area,2007,3.675187552
Euro area,2008,3.571088349
Euro area,2009,3.462365787
Euro area,2010,3.411299297
Euro area,2011,3.320801932
Euro area,2012,3.266785711
Euro area,2013,3.217349769
Euro area,2014,3.193441002
Euro area,2015,3.197149577
Eritrea,2000,56.3
Eritrea,2001,53.9
Eritrea,2002,51.8
Eritrea,2003,49.8
Eritrea,2004,47.9
Eritrea,2005,46.2
Eritrea,2006,44.6
Eritrea,2007,43.1
Eritrea,2008,41.7
Eritrea,2009,40.3
Eritrea,2010,39.1
Eritrea,2011,38
Eritrea,2012,37
Eritrea,2013,36
Eritrea,2014,35
Eritrea,2015,34.1
Spain,2000,4.4
Spain,2001,4.2
Spain,2002,4.1
Spain,2003,4.1
Spain,2004,3.9
Spain,2005,3.8
Spain,2006,3.7
Spain,2007,3.6
Spain,2008,3.4
Spain,2009,3.3
Spain,2010,3.2
Spain,2011,3
Spain,2012,2.9
Spain,2013,2.9
Spain,2014,2.8
Spain,2015,2.8
Estonia,2000,8.7
Estonia,2001,8
Estonia,2002,7.3
Estonia,2003,6.7
Estonia,2004,6.2
Estonia,2005,5.6
Estonia,2006,5.1
Estonia,2007,4.7
Estonia,2008,4.3
Estonia,2009,3.9
Estonia,2010,3.6
Estonia,2011,3.3
Estonia,2012,3.1
Estonia,2013,2.8
Estonia,2014,2.6
Estonia,2015,2.4
Ethiopia,2000,87.4
Ethiopia,2001,84
Ethiopia,2002,80.5
Ethiopia,2003,77
Ethiopia,2004,73.4
Ethiopia,2005,69.8
Ethiopia,2006,66.4
Ethiopia,2007,63.1
Ethiopia,2008,60.1
Ethiopia,2009,57.2
Ethiopia,2010,54.6
Ethiopia,2011,52.1
Ethiopia,2012,49.7
Ethiopia,2013,47.5
Ethiopia,2014,45.5
Ethiopia,2015,43.6
European Union,2000,5.907992268
European Union,2001,5.635503238
European Union,2002,5.426630066
European Union,2003,5.263084328
European Union,2004,5.038549768
European Union,2005,4.867803752
European Union,2006,4.66978826
European Union,2007,4.469388588
European Union,2008,4.315959788
European Union,2009,4.162491083
European Union,2010,4.00595983
European Union,2011,3.856129118
European Union,2012,3.761594223
European Union,2013,3.655209487
European Union,2014,3.59092183
European Union,2015,3.546700973
Fragile and conflict affected situations,2000,85.8785779
Fragile and conflict affected situations,2001,83.55027249
Fragile and conflict affected situations,2002,81.20367751
Fragile and conflict affected situations,2003,78.85854219
Fragile and conflict affected situations,2004,76.47744186
Fragile and conflict affected situations,2005,74.23372604
Fragile and conflict affected situations,2006,72.00851058
Fragile and conflict affected situations,2007,69.81209199
Fragile and conflict affected situations,2008,68.24161499
Fragile and conflict affected situations,2009,66.00339935
Fragile and conflict affected situations,2010,64.61058687
Fragile and conflict affected situations,2011,62.86557666
Fragile and conflict affected situations,2012,61.57343183
Fragile and conflict affected situations,2013,60.27238734
Fragile and conflict affected situations,2014,59.14321548
Fragile and conflict affected situations,2015,58.10681892
Finland,2000,3.5
Finland,2001,3.4
Finland,2002,3.3
Finland,2003,3.3
Finland,2004,3.2
Finland,2005,3.1
Finland,2006,3
Finland,2007,2.8
Finland,2008,2.7
Finland,2009,2.6
Finland,2010,2.5
Finland,2011,2.3
Finland,2012,2.2
Finland,2013,2.2
Finland,2014,2.1
Finland,2015,2
Fiji,2000,19.3
Fiji,2001,19.2
Fiji,2002,19.3
Fiji,2003,19.4
Fiji,2004,19.6
Fiji,2005,19.8
Fiji,2006,19.9
Fiji,2007,19.9
Fiji,2008,19.7
Fiji,2009,19.3
Fiji,2010,18.9
Fiji,2011,18.4
Fiji,2012,18.1
Fiji,2013,17.9
Fiji,2014,17.9
Fiji,2015,18.2
France,2000,4.1
France,2001,3.9
France,2002,3.7
France,2003,3.6
France,2004,3.4
France,2005,3.3
France,2006,3.3
France,2007,3.2
France,2008,3.2
France,2009,3.1
France,2010,3.1
France,2011,3.1
France,2012,3.1
France,2013,3.1
France,2014,3.1
France,2015,3.2
Micronesia (Federated States of),2000,31.6
Micronesia (Federated States of),2001,30.9
Micronesia (Federated States of),2002,32.1
Micronesia (Federated States of),2003,30
Micronesia (Federated States of),2004,29.8
Micronesia (Federated States of),2005,29.7
Micronesia (Federated States of),2006,29.7
Micronesia (Federated States of),2007,29.7
Micronesia (Federated States of),2008,29.5
Micronesia (Federated States of),2009,29.1
Micronesia (Federated States of),2010,28.6
Micronesia (Federated States of),2011,28
Micronesia (Federated States of),2012,27.4
Micronesia (Federated States of),2013,26.7
Micronesia (Federated States of),2014,26
Micronesia (Federated States of),2015,25.3
Gabon,2000,53.6
Gabon,2001,52.5
Gabon,2002,51.4
Gabon,2003,50.2
Gabon,2004,48.9
Gabon,2005,47.7
Gabon,2006,46.6
Gabon,2007,45.1
Gabon,2008,43.9
Gabon,2009,43
Gabon,2010,41.5
Gabon,2011,40.1
Gabon,2012,38.8
Gabon,2013,37.5
Gabon,2014,36.6
Gabon,2015,35.4
United Kingdom and Northern Ireland,2000,5.6
United Kingdom and Northern Ireland,2001,5.5
United Kingdom and Northern Ireland,2002,5.4
United Kingdom and Northern Ireland,2003,5.3
United Kingdom and Northern Ireland,2004,5.2
United Kingdom and Northern Ireland,2005,5.1
United Kingdom and Northern Ireland,2006,5
United Kingdom and Northern Ireland,2007,4.9
United Kingdom and Northern Ireland,2008,4.8
United Kingdom and Northern Ireland,2009,4.6
United Kingdom and Northern Ireland,2010,4.4
United Kingdom and Northern Ireland,2011,4.3
United Kingdom and Northern Ireland,2012,4.1
United Kingdom and Northern Ireland,2013,4
United Kingdom and Northern Ireland,2014,3.9
United Kingdom and Northern Ireland,2015,3.9
Georgia,2000,31.7
Georgia,2001,29.7
Georgia,2002,27.5
Georgia,2003,25.3
Georgia,2004,23.1
Georgia,2005,20.9
Georgia,2006,18.9
Georgia,2007,17
Georgia,2008,15.3
Georgia,2009,13.9
Georgia,2010,12.6
Georgia,2011,11.6
Georgia,2012,10.8
Georgia,2013,10.2
Georgia,2014,9.7
Georgia,2015,9.3
Ghana,2000,64.5
Ghana,2001,62.2
Ghana,2002,60.1
Ghana,2003,58.2
Ghana,2004,56.6
Ghana,2005,55.1
Ghana,2006,53.8
Ghana,2007,52.4
Ghana,2008,50.9
Ghana,2009,49.2
Ghana,2010,47.3
Ghana,2011,45.5
Ghana,2012,43.8
Ghana,2013,42.1
Ghana,2014,40.6
Ghana,2015,39.2
Guinea,2000,100.6
Guinea,2001,97.1
Guinea,2002,93.6
Guinea,2003,90.5
Guinea,2004,87.6
Guinea,2005,85.1
Guinea,2006,82.9
Guinea,2007,81
Guinea,2008,79.4
Guinea,2009,78
Guinea,2010,76.7
Guinea,2011,75.5
Guinea,2012,74.3
Guinea,2013,73.2
Guinea,2014,72.7
Guinea,2015,71.7
Gambia,2000,61.5
Gambia,2001,59.7
Gambia,2002,58
Gambia,2003,56.3
Gambia,2004,54.6
Gambia,2005,53
Gambia,2006,51.4
Gambia,2007,49.9
Gambia,2008,48.4
Gambia,2009,47
Gambia,2010,45.6
Gambia,2011,44.3
Gambia,2012,43.1
Gambia,2013,41.9
Gambia,2014,40.7
Gambia,2015,39.5
Guinea-Bissau,2000,104.8
Guinea-Bissau,2001,102
Guinea-Bissau,2002,99
Guinea-Bissau,2003,95.9
Guinea-Bissau,2004,92.6
Guinea-Bissau,2005,89.3
Guinea-Bissau,2006,86
Guinea-Bissau,2007,82.6
Guinea-Bissau,2008,79.2
Guinea-Bissau,2009,75.8
Guinea-Bissau,2010,72.6
Guinea-Bissau,2011,69.5
Guinea-Bissau,2012,66.7
Guinea-Bissau,2013,64.2
Guinea-Bissau,2014,62
Guinea-Bissau,2015,60
Equatorial Guinea,2000,106.9
Equatorial Guinea,2001,104.3
Equatorial Guinea,2002,101.6
Equatorial Guinea,2003,98.9
Equatorial Guinea,2004,96.1
Equatorial Guinea,2005,93.2
Equatorial Guinea,2006,90.3
Equatorial Guinea,2007,87.3
Equatorial Guinea,2008,84.4
Equatorial Guinea,2009,81.7
Equatorial Guinea,2010,79
Equatorial Guinea,2011,76.7
Equatorial Guinea,2012,74.4
Equatorial Guinea,2013,72.1
Equatorial Guinea,2014,69.9
Equatorial Guinea,2015,67.8
Greece,2000,5.5
Greece,2001,5.1
Greece,2002,4.8
Greece,2003,4.4
Greece,2004,4.1
Greece,2005,3.9
Greece,2006,3.7
Greece,2007,3.5
Greece,2008,3.4
Greece,2009,3.4
Greece,2010,3.3
Greece,2011,3.4
Greece,2012,3.4
Greece,2013,3.5
Greece,2014,3.5
Greece,2015,3.6
Grenada,2000,13
Grenada,2001,12.8
Grenada,2002,12.7
Grenada,2003,12.6
Grenada,2004,12.5
Grenada,2005,12.4
Grenada,2006,12.4
Grenada,2007,12.4
Grenada,2008,12.4
Grenada,2009,12.5
Grenada,2010,12.6
Grenada,2011,12.7
Grenada,2012,12.9
Grenada,2013,13
Grenada,2014,13.1
Grenada,2015,13.3
Guatemala,2000,41
Guatemala,2001,39.6
Guatemala,2002,38.2
Guatemala,2003,36.9
Guatemala,2004,35.6
Guatemala,2005,34.4
Guatemala,2006,33.1
Guatemala,2007,32
Guatemala,2008,30.8
Guatemala,2009,29.7
Guatemala,2010,28.6
Guatemala,2011,27.6
Guatemala,2012,26.5
Guatemala,2013,25.6
Guatemala,2014,24.6
Guatemala,2015,23.7
Guyana,2000,37.1
Guyana,2001,36.3
Guyana,2002,35.5
Guyana,2003,34.7
Guyana,2004,34
Guyana,2005,33.4
Guyana,2006,32.8
Guyana,2007,32.2
Guyana,2008,31.6
Guyana,2009,31
Guyana,2010,30.5
Guyana,2011,30
Guyana,2012,29.4
Guyana,2013,28.8
Guyana,2014,28.1
Guyana,2015,27.4
High income,2000,6.9
High income,2001,6.7
High income,2002,6.5
High income,2003,6.3
High income,2004,6.1
High income,2005,6
High income,2006,5.8
High income,2007,5.6
High income,2008,5.5
High income,2009,5.3
High income,2010,5.2
High income,2011,5
High income,2012,4.9
High income,2013,4.8
High income,2014,4.7
High income,2015,4.6
Honduras,2000,30.5
Honduras,2001,29.3
Honduras,2002,28.1
Honduras,2003,27
Honduras,2004,25.9
Honduras,2005,24.9
Honduras,2006,24
Honduras,2007,23.1
Honduras,2008,22.3
Honduras,2009,21.5
Honduras,2010,20.8
Honduras,2011,20.1
Honduras,2012,19.4
Honduras,2013,18.8
Honduras,2014,18.1
Honduras,2015,17.5
Heavily indebted poor countries (HIPC),2000,88.53350747
Heavily indebted poor countries (HIPC),2001,85.49803999
Heavily indebted poor countries (HIPC),2002,82.38813306
Heavily indebted poor countries (HIPC),2003,79.33234423
Heavily indebted poor countries (HIPC),2004,76.28634859
Heavily indebted poor countries (HIPC),2005,73.38132209
Heavily indebted poor countries (HIPC),2006,70.74852832
Heavily indebted poor countries (HIPC),2007,68.20503171
Heavily indebted poor countries (HIPC),2008,65.89470178
Heavily indebted poor countries (HIPC),2009,63.75056728
Heavily indebted poor countries (HIPC),2010,62.06000761
Heavily indebted poor countries (HIPC),2011,59.89039346
Heavily indebted poor countries (HIPC),2012,58.08430488
Heavily indebted poor countries (HIPC),2013,56.35943188
Heavily indebted poor countries (HIPC),2014,54.84959704
Heavily indebted poor countries (HIPC),2015,53.41165492
Croatia,2000,7.2
Croatia,2001,6.9
Croatia,2002,6.6
Croatia,2003,6.3
Croatia,2004,6
Croatia,2005,5.8
Croatia,2006,5.5
Croatia,2007,5.3
Croatia,2008,5
Croatia,2009,4.8
Croatia,2010,4.7
Croatia,2011,4.5
Croatia,2012,4.4
Croatia,2013,4.3
Croatia,2014,4.2
Croatia,2015,4.2
Haiti,2000,74.2
Haiti,2001,72
Haiti,2002,70
Haiti,2003,68.2
Haiti,2004,66.5
Haiti,2005,65
Haiti,2006,63.6
Haiti,2007,62.3
Haiti,2008,61
Haiti,2009,59.8
Haiti,2010,81.6
Haiti,2011,57.4
Haiti,2012,56.3
Haiti,2013,55.1
Haiti,2014,53.9
Haiti,2015,52.7
Hungary,2000,8.7
Hungary,2001,8.2
Hungary,2002,7.6
Hungary,2003,7.2
Hungary,2004,6.8
Hungary,2005,6.4
Hungary,2006,6.1
Hungary,2007,5.8
Hungary,2008,5.5
Hungary,2009,5.3
Hungary,2010,5.1
Hungary,2011,5
Hungary,2012,4.8
Hungary,2013,4.7
Hungary,2014,4.5
Hungary,2015,4.2
IBRD only,2000,44.04305265
IBRD only,2001,42.62222563
IBRD only,2002,40.97365061
IBRD only,2003,39.24440154
IBRD only,2004,37.63231777
IBRD only,2005,35.79628242
IBRD only,2006,34.09466019
IBRD only,2007,32.43685067
IBRD only,2008,30.83813818
IBRD only,2009,29.32916838
IBRD only,2010,27.96199099
IBRD only,2011,26.64287588
IBRD only,2012,25.04521907
IBRD only,2013,24.0347972
IBRD only,2014,22.67733309
IBRD only,2015,21.85305674
IDA & IBRD total,2000,57.72715742
IDA & IBRD total,2001,56.08648264
IDA & IBRD total,2002,54.26661807
IDA & IBRD total,2003,52.38513836
IDA & IBRD total,2004,50.53482154
IDA & IBRD total,2005,48.58692743
IDA & IBRD total,2006,46.79642489
IDA & IBRD total,2007,45.037353
IDA & IBRD total,2008,43.42327639
IDA & IBRD total,2009,41.80353003
IDA & IBRD total,2010,40.51368899
IDA & IBRD total,2011,39.16439702
IDA & IBRD total,2012,37.57989758
IDA & IBRD total,2013,36.59800129
IDA & IBRD total,2014,35.34811966
IDA & IBRD total,2015,34.57830315
IDA total,2000,83.3869244
IDA total,2001,80.69513904
IDA total,2002,78.03045777
IDA total,2003,75.45300409
IDA total,2004,72.95411468
IDA total,2005,70.51723856
IDA total,2006,68.29692704
IDA total,2007,66.14195223
IDA total,2008,64.42491054
IDA total,2009,62.47760274
IDA total,2010,61.00892747
IDA total,2011,59.37426645
IDA total,2012,57.97258545
IDA total,2013,56.54724542
IDA total,2014,55.26598182
IDA total,2015,54.03386453
IDA blend,2000,88.91657296
IDA blend,2001,86.67469627
IDA blend,2002,84.4732876
IDA blend,2003,82.37383032
IDA blend,2004,80.27394872
IDA blend,2005,78.25594401
IDA blend,2006,76.34109711
IDA blend,2007,74.48800124
IDA blend,2008,72.73881229
IDA blend,2009,71.24360372
IDA blend,2010,69.87936485
IDA blend,2011,68.63237909
IDA blend,2012,67.33573869
IDA blend,2013,66.04452292
IDA blend,2014,64.81880841
IDA blend,2015,63.59939724
Indonesia,2000,40.9
Indonesia,2001,39.3
Indonesia,2002,37.7
Indonesia,2003,36.2
Indonesia,2004,36.9
Indonesia,2005,33.5
Indonesia,2006,32.3
Indonesia,2007,31
Indonesia,2008,29.9
Indonesia,2009,28.9
Indonesia,2010,27.8
Indonesia,2011,26.8
Indonesia,2012,25.8
Indonesia,2013,24.9
Indonesia,2014,24
Indonesia,2015,23.1
IDA only,2000,80.59618232
IDA only,2001,77.64930614
IDA only,2002,74.7305368
IDA only,2003,71.92040463
IDA only,2004,69.21699818
IDA only,2005,66.55676236
IDA only,2006,64.17201141
IDA only,2007,61.81159381
IDA only,2008,60.06226245
IDA only,2009,57.8436083
IDA only,2010,56.29283566
IDA only,2011,54.43242333
IDA only,2012,52.97561448
IDA only,2013,51.50083845
IDA only,2014,50.22031762
IDA only,2015,49.02369977
India,2000,66.4
India,2001,64.5
India,2002,62.6
India,2003,60.6
India,2004,58.7
India,2005,56.8
India,2006,54.8
India,2007,52.8
India,2008,50.8
India,2009,48.7
India,2010,46.7
India,2011,44.6
India,2012,42.5
India,2013,40.5
India,2014,38.5
India,2015,36.5
Ireland,2000,6
Ireland,2001,5.8
Ireland,2002,5.5
Ireland,2003,5.1
Ireland,2004,4.7
Ireland,2005,4.4
Ireland,2006,4.1
Ireland,2007,3.9
Ireland,2008,3.8
Ireland,2009,3.6
Ireland,2010,3.5
Ireland,2011,3.5
Ireland,2012,3.4
Ireland,2013,3.3
Ireland,2014,3.3
Ireland,2015,3.2
Iran (Islamic Republic of),2000,29.8
Iran (Islamic Republic of),2001,28.3
Iran (Islamic Republic of),2002,26.8
Iran (Islamic Republic of),2003,25.3
Iran (Islamic Republic of),2004,23.7
Iran (Islamic Republic of),2005,22.3
Iran (Islamic Republic of),2006,21
Iran (Islamic Republic of),2007,19.7
Iran (Islamic Republic of),2008,18.5
Iran (Islamic Republic of),2009,17.5
Iran (Islamic Republic of),2010,16.5
Iran (Islamic Republic of),2011,15.7
Iran (Islamic Republic of),2012,15
Iran (Islamic Republic of),2013,14.4
Iran (Islamic Republic of),2014,13.8
Iran (Islamic Republic of),2015,13.3
Iraq,2000,35.6
Iraq,2001,34.9
Iraq,2002,34.3
Iraq,2003,33.7
Iraq,2004,33
Iraq,2005,32.4
Iraq,2006,31.7
Iraq,2007,31
Iraq,2008,30.2
Iraq,2009,29.4
Iraq,2010,28.6
Iraq,2011,27.8
Iraq,2012,27
Iraq,2013,26.2
Iraq,2014,25.4
Iraq,2015,24.7
Iceland,2000,3.2
Iceland,2001,3
Iceland,2002,2.8
Iceland,2003,2.7
Iceland,2004,2.6
Iceland,2005,2.5
Iceland,2006,2.4
Iceland,2007,2.3
Iceland,2008,2.2
Iceland,2009,2.2
Iceland,2010,2.1
Iceland,2011,2.1
Iceland,2012,2.1
Iceland,2013,2.1
Iceland,2014,2
Iceland,2015,2.1
Israel,2000,5.6
Israel,2001,5.4
Israel,2002,5.2
Israel,2003,4.9
Israel,2004,4.7
Israel,2005,4.5
Israel,2006,4.3
Israel,2007,4.1
Israel,2008,4
Israel,2009,3.8
Israel,2010,3.7
Israel,2011,3.5
Israel,2012,3.4
Israel,2013,3.3
Israel,2014,3.2
Israel,2015,3.2
Italy,2000,4.7
Italy,2001,4.5
Italy,2002,4.3
Italy,2003,4.1
Italy,2004,3.9
Italy,2005,3.8
Italy,2006,3.7
Italy,2007,3.6
Italy,2008,3.5
Italy,2009,3.4
Italy,2010,3.4
Italy,2011,3.3
Italy,2012,3.2
Italy,2013,3.1
Italy,2014,3.1
Italy,2015,3
Jamaica,2000,17.5
Jamaica,2001,17.1
Jamaica,2002,16.8
Jamaica,2003,16.5
Jamaica,2004,16.4
Jamaica,2005,16.4
Jamaica,2006,16.4
Jamaica,2007,16.4
Jamaica,2008,16.4
Jamaica,2009,16.3
Jamaica,2010,16.3
Jamaica,2011,16.3
Jamaica,2012,16.2
Jamaica,2013,16.1
Jamaica,2014,16.1
Jamaica,2015,16
Jordan,2000,22.6
Jordan,2001,22
Jordan,2002,21.4
Jordan,2003,20.9
Jordan,2004,20.3
Jordan,2005,19.8
Jordan,2006,19.3
Jordan,2007,18.7
Jordan,2008,18.2
Jordan,2009,17.7
Jordan,2010,17.2
Jordan,2011,16.8
Jordan,2012,16.3
Jordan,2013,15.9
Jordan,2014,15.5
Jordan,2015,15.1
Japan,2000,3.3
Japan,2001,3.1
Japan,2002,3
Japan,2003,2.9
Japan,2004,2.8
Japan,2005,2.8
Japan,2006,2.7
Japan,2007,2.6
Japan,2008,2.5
Japan,2009,2.4
Japan,2010,2.3
Japan,2011,2.3
Japan,2012,2.2
Japan,2013,2.1
Japan,2014,2.1
Japan,2015,2
Kazakhstan,2000,36.6
Kazakhstan,2001,34.5
Kazakhstan,2002,32.5
Kazakhstan,2003,30.7
Kazakhstan,2004,28.9
Kazakhstan,2005,27.3
Kazakhstan,2006,25.6
Kazakhstan,2007,23.8
Kazakhstan,2008,21.9
Kazakhstan,2009,20.1
Kazakhstan,2010,18.2
Kazakhstan,2011,16.4
Kazakhstan,2012,14.6
Kazakhstan,2013,13
Kazakhstan,2014,11.6
Kazakhstan,2015,10.6
Kenya,2000,58.2
Kenya,2001,55.6
Kenya,2002,52.9
Kenya,2003,50.2
Kenya,2004,47.5
Kenya,2005,44.5
Kenya,2006,42.2
Kenya,2007,40.3
Kenya,2008,38.1
Kenya,2009,37.4
Kenya,2010,36.9
Kenya,2011,36.4
Kenya,2012,36.5
Kenya,2013,36
Kenya,2014,35.2
Kenya,2015,34.1
Kyrgyzstan,2000,42
Kyrgyzstan,2001,40.1
Kyrgyzstan,2002,38.4
Kyrgyzstan,2003,36.8
Kyrgyzstan,2004,35.4
Kyrgyzstan,2005,34.1
Kyrgyzstan,2006,32.8
Kyrgyzstan,2007,31.3
Kyrgyzstan,2008,29.7
Kyrgyzstan,2009,27.9
Kyrgyzstan,2010,26.1
Kyrgyzstan,2011,24.4
Kyrgyzstan,2012,23.1
Kyrgyzstan,2013,22
Kyrgyzstan,2014,20.9
Kyrgyzstan,2015,19.8
Cambodia,2000,79
Cambodia,2001,73.4
Cambodia,2002,67.3
Cambodia,2003,61.7
Cambodia,2004,56.9
Cambodia,2005,52.9
Cambodia,2006,49.4
Cambodia,2007,46.3
Cambodia,2008,43.2
Cambodia,2009,40.2
Cambodia,2010,37.3
Cambodia,2011,34.6
Cambodia,2012,32.2
Cambodia,2013,30.2
Cambodia,2014,28.6
Cambodia,2015,27.1
Kiribati,2000,50.6
Kiribati,2001,49.5
Kiribati,2002,48.5
Kiribati,2003,47.8
Kiribati,2004,47.3
Kiribati,2005,46.9
Kiribati,2006,46.7
Kiribati,2007,46.4
Kiribati,2008,46
Kiribati,2009,45.6
Kiribati,2010,45.3
Kiribati,2011,45
Kiribati,2012,44.9
Kiribati,2013,45
Kiribati,2014,45.3
Kiribati,2015,45.7
St. Kitts and Nevis,2000,20.1
St. Kitts and Nevis,2001,19.2
St. Kitts and Nevis,2002,18.3
St. Kitts and Nevis,2003,17.6
St. Kitts and Nevis,2004,16.9
St. Kitts and Nevis,2005,16.4
St. Kitts and Nevis,2006,16
St. Kitts and Nevis,2007,15.7
St. Kitts and Nevis,2008,15.6
St. Kitts and Nevis,2009,15.5
St. Kitts and Nevis,2010,15.5
St. Kitts and Nevis,2011,15.6
St. Kitts and Nevis,2012,15.7
St. Kitts and Nevis,2013,15.8
St. Kitts and Nevis,2014,15.8
St. Kitts and Nevis,2015,15.7
Republic of Korea,2000,6.5
Republic of Korea,2001,6.1
Republic of Korea,2002,5.8
Republic of Korea,2003,5.5
Republic of Korea,2004,5.1
Republic of Korea,2005,4.8
Republic of Korea,2006,4.4
Republic of Korea,2007,4.1
Republic of Korea,2008,3.9
Republic of Korea,2009,3.7
Republic of Korea,2010,3.5
Republic of Korea,2011,3.4
Republic of Korea,2012,3.3
Republic of Korea,2013,3.2
Republic of Korea,2014,3.1
Republic of Korea,2015,3
Kuwait,2000,11
Kuwait,2001,10.8
Kuwait,2002,10.6
Kuwait,2003,10.5
Kuwait,2004,10.3
Kuwait,2005,10.1
Kuwait,2006,10
Kuwait,2007,9.8
Kuwait,2008,9.7
Kuwait,2009,9.5
Kuwait,2010,9.2
Kuwait,2011,8.9
Kuwait,2012,8.5
Kuwait,2013,8.2
Kuwait,2014,8
Kuwait,2015,7.8
Latin America & Caribbean (excluding high income),2000,28.49272163
Latin America & Caribbean (excluding high income),2001,27.15140397
Latin America & Caribbean (excluding high income),2002,25.86576406
Latin America & Caribbean (excluding high income),2003,24.69032659
Latin America & Caribbean (excluding high income),2004,23.6165948
Latin America & Caribbean (excluding high income),2005,22.58686912
Latin America & Caribbean (excluding high income),2006,21.61845677
Latin America & Caribbean (excluding high income),2007,20.75869199
Latin America & Caribbean (excluding high income),2008,19.96025295
Latin America & Caribbean (excluding high income),2009,19.18220389
Latin America & Caribbean (excluding high income),2010,19.14746646
Latin America & Caribbean (excluding high income),2011,17.89606573
Latin America & Caribbean (excluding high income),2012,17.31393398
Latin America & Caribbean (excluding high income),2013,16.76621086
Latin America & Caribbean (excluding high income),2014,16.26384022
Latin America & Caribbean (excluding high income),2015,15.85805652
Lao People's Democratic Republic,2000,76.2
Lao People's Democratic Republic,2001,73.6
Lao People's Democratic Republic,2002,71
Lao People's Democratic Republic,2003,68.4
Lao People's Democratic Republic,2004,65.8
Lao People's Democratic Republic,2005,63.3
Lao People's Democratic Republic,2006,60.7
Lao People's Democratic Republic,2007,58.3
Lao People's Democratic Republic,2008,55.9
Lao People's Democratic Republic,2009,53.6
Lao People's Democratic Republic,2010,51.4
Lao People's Democratic Republic,2011,49.2
Lao People's Democratic Republic,2012,47.2
Lao People's Democratic Republic,2013,45.3
Lao People's Democratic Republic,2014,43.4
Lao People's Democratic Republic,2015,41.7
Lebanon,2000,17
Lebanon,2001,16.1
Lebanon,2002,15.3
Lebanon,2003,14.4
Lebanon,2004,13.7
Lebanon,2005,12.9
Lebanon,2006,12.3
Lebanon,2007,11.8
Lebanon,2008,11.4
Lebanon,2009,11.1
Lebanon,2010,10.8
Lebanon,2011,10.7
Lebanon,2012,10.6
Lebanon,2013,10.6
Lebanon,2014,10.7
Lebanon,2015,10.9
Liberia,2000,127.7
Liberia,2001,119.5
Liberia,2002,111.8
Liberia,2003,104.2
Liberia,2004,97
Liberia,2005,90.6
Liberia,2006,85.2
Liberia,2007,80.8
Liberia,2008,77.1
Liberia,2009,74.1
Liberia,2010,71.7
Liberia,2011,69.8
Liberia,2012,68.1
Liberia,2013,66.7
Liberia,2014,67.6
Liberia,2015,64.5
Libya,2000,24.1
Libya,2001,23.4
Libya,2002,22.7
Libya,2003,21.9
Libya,2004,21
Libya,2005,19.8
Libya,2006,18.6
Libya,2007,17.3
Libya,2008,16.1
Libya,2009,15
Libya,2010,14.2
Libya,2011,15
Libya,2012,12.9
Libya,2013,12.3
Libya,2014,11.8
Libya,2015,11.4
Saint Lucia,2000,15.8
Saint Lucia,2001,15.8
Saint Lucia,2002,15.8
Saint Lucia,2003,15.9
Saint Lucia,2004,15.9
Saint Lucia,2005,16
Saint Lucia,2006,16
Saint Lucia,2007,16
Saint Lucia,2008,16.1
Saint Lucia,2009,16.1
Saint Lucia,2010,16.2
Saint Lucia,2011,16.2
Saint Lucia,2012,16.2
Saint Lucia,2013,16.2
Saint Lucia,2014,16.2
Saint Lucia,2015,16.2
Latin America & Caribbean,2000,27.5
Latin America & Caribbean,2001,26.2
Latin America & Caribbean,2002,25
Latin America & Caribbean,2003,23.9
Latin America & Caribbean,2004,22.8
Latin America & Caribbean,2005,21.8
Latin America & Caribbean,2006,20.9
Latin America & Caribbean,2007,20.1
Latin America & Caribbean,2008,19.3
Latin America & Caribbean,2009,18.6
Latin America & Caribbean,2010,18.6
Latin America & Caribbean,2011,17.4
Latin America & Caribbean,2012,16.9
Latin America & Caribbean,2013,16.4
Latin America & Caribbean,2014,16
Latin America & Caribbean,2015,15.7
Least developed countries: UN classification,2000,85.06009208
Least developed countries: UN classification,2001,82.01716276
Least developed countries: UN classification,2002,78.93517714
Least developed countries: UN classification,2003,75.93543173
Least developed countries: UN classification,2004,72.97773732
Least developed countries: UN classification,2005,70.21817858
Least developed countries: UN classification,2006,67.63908729
Least developed countries: UN classification,2007,65.1342101
Least developed countries: UN classification,2008,63.28937471
Least developed countries: UN classification,2009,60.76232022
Least developed countries: UN classification,2010,59.0942831
Least developed countries: UN classification,2011,56.98652638
Least developed countries: UN classification,2012,55.20840524
Least developed countries: UN classification,2013,53.52132192
Least developed countries: UN classification,2014,52.0612568
Least developed countries: UN classification,2015,50.71869455
Low income,2000,89.6
Low income,2001,86.5
Low income,2002,83.5
Low income,2003,79.8
Low income,2004,76.8
Low income,2005,74
Low income,2006,71.3
Low income,2007,68.6
Low income,2008,66.2
Low income,2009,64.1
Low income,2010,62.2
Low income,2011,60.4
Low income,2012,58.8
Low income,2013,57.2
Low income,2014,55.9
Low income,2015,54.5
Sri Lanka,2000,14.4
Sri Lanka,2001,13.8
Sri Lanka,2002,13.4
Sri Lanka,2003,13
Sri Lanka,2004,17.6
Sri Lanka,2005,12.1
Sri Lanka,2006,11.5
Sri Lanka,2007,10.8
Sri Lanka,2008,10.3
Sri Lanka,2009,13.6
Sri Lanka,2010,9.6
Sri Lanka,2011,9.3
Sri Lanka,2012,8.9
Sri Lanka,2013,8.4
Sri Lanka,2014,8
Sri Lanka,2015,7.5
Lower middle income,2000,67.4
Lower middle income,2001,65.4
Lower middle income,2002,63.4
Lower middle income,2003,61.4
Lower middle income,2004,59.5
Lower middle income,2005,57.5
Lower middle income,2006,55.7
Lower middle income,2007,53.9
Lower middle income,2008,52.3
Lower middle income,2009,50.4
Lower middle income,2010,48.9
Lower middle income,2011,47.3
Lower middle income,2012,45.7
Lower middle income,2013,44.1
Lower middle income,2014,42.7
Lower middle income,2015,41.4
Low & middle income,2000,58.73331851
Low & middle income,2001,57.08420369
Low & middle income,2002,55.2543469
Low & middle income,2003,53.27070432
Low & middle income,2004,51.40672537
Low & middle income,2005,49.43423815
Low & middle income,2006,47.63212588
Low & middle income,2007,45.87349292
Low & middle income,2008,44.25957753
Low & middle income,2009,42.61669296
Low & middle income,2010,41.30328601
Low & middle income,2011,39.91338534
Low & middle income,2012,38.2965073
Low & middle income,2013,37.28992664
Low & middle income,2014,36.01733391
Low & middle income,2015,35.22960397
Lesotho,2000,70.9
Lesotho,2001,70.9
Lesotho,2002,71.1
Lesotho,2003,71.4
Lesotho,2004,72.1
Lesotho,2005,72.8
Lesotho,2006,72.5
Lesotho,2007,70.6
Lesotho,2008,73
Lesotho,2009,69.1
Lesotho,2010,65.9
Lesotho,2011,63.2
Lesotho,2012,63.5
Lesotho,2013,63.9
Lesotho,2014,63.1
Lesotho,2015,62.9
Late-demographic dividend,2000,27.83515631
Late-demographic dividend,2001,26.03640317
Late-demographic dividend,2002,24.29476439
Late-demographic dividend,2003,22.15797735
Late-demographic dividend,2004,20.61910457
Late-demographic dividend,2005,19.00877456
Late-demographic dividend,2006,17.63999014
Late-demographic dividend,2007,16.34539907
Late-demographic dividend,2008,15.24540463
Late-demographic dividend,2009,14.29344533
Late-demographic dividend,2010,13.34632632
Late-demographic dividend,2011,12.5587597
Late-demographic dividend,2012,11.70099225
Late-demographic dividend,2013,11.07351024
Late-demographic dividend,2014,10.40206261
Late-demographic dividend,2015,9.880458616
Lithuania,2000,8.6
Lithuania,2001,8.2
Lithuania,2002,7.9
Lithuania,2003,7.6
Lithuania,2004,7.5
Lithuania,2005,7.3
Lithuania,2006,6.9
Lithuania,2007,6.4
Lithuania,2008,5.9
Lithuania,2009,5.4
Lithuania,2010,4.9
Lithuania,2011,4.5
Lithuania,2012,4.2
Lithuania,2013,4
Lithuania,2014,4
Lithuania,2015,4
Luxembourg,2000,3.8
Luxembourg,2001,3.5
Luxembourg,2002,3.3
Luxembourg,2003,3.1
Luxembourg,2004,2.9
Luxembourg,2005,2.8
Luxembourg,2006,2.7
Luxembourg,2007,2.5
Luxembourg,2008,2.5
Luxembourg,2009,2.4
Luxembourg,2010,2.3
Luxembourg,2011,2.3
Luxembourg,2012,2.3
Luxembourg,2013,2.2
Luxembourg,2014,2.2
Luxembourg,2015,2.2
Latvia,2000,11.5
Latvia,2001,10.8
Latvia,2002,10.3
Latvia,2003,9.7
Latvia,2004,9.1
Latvia,2005,8.6
Latvia,2006,8.1
Latvia,2007,7.7
Latvia,2008,7.3
Latvia,2009,6.9
Latvia,2010,6.5
Latvia,2011,6
Latvia,2012,5.5
Latvia,2013,5.1
Latvia,2014,4.7
Latvia,2015,4.3
Morocco,2000,44
Morocco,2001,42.3
Morocco,2002,40.6
Morocco,2003,38.9
Morocco,2004,37.2
Morocco,2005,35.4
Morocco,2006,33.6
Morocco,2007,31.8
Morocco,2008,30.1
Morocco,2009,28.4
Morocco,2010,26.8
Morocco,2011,25.3
Morocco,2012,23.9
Morocco,2013,22.5
Morocco,2014,21.3
Morocco,2015,20.1
Monaco,2000,4.2
Monaco,2001,4.1
Monaco,2002,3.9
Monaco,2003,3.8
Monaco,2004,3.7
Monaco,2005,3.7
Monaco,2006,3.6
Monaco,2007,3.5
Monaco,2008,3.4
Monaco,2009,3.3
Monaco,2010,3.3
Monaco,2011,3.2
Monaco,2012,3.1
Monaco,2013,3
Monaco,2014,3
Monaco,2015,2.9
Republic of Moldova,2000,26.1
Republic of Moldova,2001,23.9
Republic of Moldova,2002,21.8
Republic of Moldova,2003,19.8
Republic of Moldova,2004,18.3
Republic of Moldova,2005,17.1
Republic of Moldova,2006,16.3
Republic of Moldova,2007,15.7
Republic of Moldova,2008,15.2
Republic of Moldova,2009,14.9
Republic of Moldova,2010,14.6
Republic of Moldova,2011,14.4
Republic of Moldova,2012,14.2
Republic of Moldova,2013,13.9
Republic of Moldova,2014,13.7
Republic of Moldova,2015,13.4
Madagascar,2000,67.2
Madagascar,2001,64.6
Madagascar,2002,62.2
Madagascar,2003,59.9
Madagascar,2004,57.7
Madagascar,2005,55.6
Madagascar,2006,53.7
Madagascar,2007,52
Madagascar,2008,50.4
Madagascar,2009,49
Madagascar,2010,47.8
Madagascar,2011,46.9
Madagascar,2012,46.2
Madagascar,2013,45.7
Madagascar,2014,45.4
Madagascar,2015,45.2
Maldives,2000,31.8
Maldives,2001,28.7
Maldives,2002,25.6
Maldives,2003,22.9
Maldives,2004,21.5
Maldives,2005,18.4
Maldives,2006,16.6
Maldives,2007,15.1
Maldives,2008,13.9
Maldives,2009,12.8
Maldives,2010,11.9
Maldives,2011,11.2
Maldives,2012,10.4
Maldives,2013,9.7
Maldives,2014,9
Maldives,2015,8.4
Middle East & North Africa,2000,34.7
Middle East & North Africa,2001,33.2
Middle East & North Africa,2002,31.8
Middle East & North Africa,2003,30.5
Middle East & North Africa,2004,29.3
Middle East & North Africa,2005,28.1
Middle East & North Africa,2006,26.9
Middle East & North Africa,2007,25.6
Middle East & North Africa,2008,24.5
Middle East & North Africa,2009,23.5
Middle East & North Africa,2010,22.7
Middle East & North Africa,2011,22
Middle East & North Africa,2012,21.8
Middle East & North Africa,2013,21.2
Middle East & North Africa,2014,20.4
Middle East & North Africa,2015,19.8
Mexico,2000,23.6
Mexico,2001,22.6
Mexico,2002,21.7
Mexico,2003,20.9
Mexico,2004,20.1
Mexico,2005,19.4
Mexico,2006,18.7
Mexico,2007,18.1
Mexico,2008,17.5
Mexico,2009,16.9
Mexico,2010,16.4
Mexico,2011,15.9
Mexico,2012,15.4
Mexico,2013,14.9
Mexico,2014,14.4
Mexico,2015,14
Marshall Islands,2000,34.1
Marshall Islands,2001,34.1
Marshall Islands,2002,34
Marshall Islands,2003,33.8
Marshall Islands,2004,33.5
Marshall Islands,2005,33.3
Marshall Islands,2006,33
Marshall Islands,2007,32.7
Marshall Islands,2008,32.5
Marshall Islands,2009,32.2
Marshall Islands,2010,31.8
Marshall Islands,2011,31.5
Marshall Islands,2012,31
Marshall Islands,2013,30.5
Marshall Islands,2014,29.8
Marshall Islands,2015,29.1
Middle income,2000,53.82317043
Middle income,2001,52.29618861
Middle income,2002,50.56587531
Middle income,2003,48.75591751
Middle income,2004,47.01761966
Middle income,2005,45.11982686
Middle income,2006,43.39057343
Middle income,2007,41.74174354
Middle income,2008,40.24867877
Middle income,2009,38.63843744
Middle income,2010,37.35953515
Middle income,2011,36.00728086
Middle income,2012,34.38058858
Middle income,2013,33.40313694
Middle income,2014,32.10401408
Middle income,2015,31.3193617
North Macedonia,2000,14.2
North Macedonia,2001,13.5
North Macedonia,2002,13
North Macedonia,2003,12.7
North Macedonia,2004,12.5
North Macedonia,2005,12.2
North Macedonia,2006,11.7
North Macedonia,2007,11.1
North Macedonia,2008,10.3
North Macedonia,2009,9.6
North Macedonia,2010,9.1
North Macedonia,2011,9
North Macedonia,2012,9.1
North Macedonia,2013,9.5
North Macedonia,2014,9.9
North Macedonia,2015,9.9
Mali,2000,101.6
Mali,2001,99
Mali,2002,96.3
Mali,2003,93.6
Mali,2004,91.1
Mali,2005,88.7
Mali,2006,86.4
Mali,2007,84.2
Mali,2008,82.1
Mali,2009,80.1
Mali,2010,78.3
Mali,2011,76.5
Mali,2012,74.8
Mali,2013,73.1
Mali,2014,71.6
Mali,2015,70
Malta,2000,6.7
Malta,2001,6.5
Malta,2002,6.3
Malta,2003,6.2
Malta,2004,6.1
Malta,2005,6.1
Malta,2006,6
Malta,2007,6
Malta,2008,6
Malta,2009,6
Malta,2010,6
Malta,2011,6
Malta,2012,5.9
Malta,2013,5.9
Malta,2014,5.8
Malta,2015,5.7
Myanmar,2000,65
Myanmar,2001,63.5
Myanmar,2002,62
Myanmar,2003,60.4
Myanmar,2004,58.8
Myanmar,2005,57.2
Myanmar,2006,55.5
Myanmar,2007,53.7
Myanmar,2008,64.2
Myanmar,2009,50.2
Myanmar,2010,48.5
Myanmar,2011,46.7
Myanmar,2012,45
Myanmar,2013,43.3
Myanmar,2014,41.8
Myanmar,2015,40.4
Middle East & North Africa (excluding high income),2000,37.24805704
Middle East & North Africa (excluding high income),2001,35.61504054
Middle East & North Africa (excluding high income),2002,34.13550068
Middle East & North Africa (excluding high income),2003,32.71531255
Middle East & North Africa (excluding high income),2004,31.32164913
Middle East & North Africa (excluding high income),2005,30.02976411
Middle East & North Africa (excluding high income),2006,28.78700314
Middle East & North Africa (excluding high income),2007,27.48161261
Middle East & North Africa (excluding high income),2008,26.28845954
Middle East & North Africa (excluding high income),2009,25.32735822
Middle East & North Africa (excluding high income),2010,24.37868154
Middle East & North Africa (excluding high income),2011,23.69960723
Middle East & North Africa (excluding high income),2012,23.43976757
Middle East & North Africa (excluding high income),2013,22.78386217
Middle East & North Africa (excluding high income),2014,21.93803512
Middle East & North Africa (excluding high income),2015,21.29598428
Montenegro,2000,12.6
Montenegro,2001,12.1
Montenegro,2002,11.5
Montenegro,2003,10.8
Montenegro,2004,10
Montenegro,2005,9.3
Montenegro,2006,8.5
Montenegro,2007,7.7
Montenegro,2008,7
Montenegro,2009,6.3
Montenegro,2010,5.7
Montenegro,2011,5.2
Montenegro,2012,4.7
Montenegro,2013,4.2
Montenegro,2014,3.9
Montenegro,2015,3.5
Mongolia,2000,48.4
Mongolia,2001,45.1
Mongolia,2002,41.8
Mongolia,2003,38.7
Mongolia,2004,35.7
Mongolia,2005,33
Mongolia,2006,30.4
Mongolia,2007,28
Mongolia,2008,25.9
Mongolia,2009,23.9
Mongolia,2010,22.1
Mongolia,2011,20.6
Mongolia,2012,19.4
Mongolia,2013,18.3
Mongolia,2014,17.5
Mongolia,2015,16.6
Mozambique,2000,112.9
Mozambique,2001,106.6
Mozambique,2002,100.9
Mozambique,2003,95.7
Mozambique,2004,91.1
Mozambique,2005,86.8
Mozambique,2006,82.9
Mozambique,2007,77.5
Mozambique,2008,74.8
Mozambique,2009,71.5
Mozambique,2010,71
Mozambique,2011,67.5
Mozambique,2012,65
Mozambique,2013,62.8
Mozambique,2014,61.3
Mozambique,2015,59.6
Mauritania,2000,62.5
Mauritania,2001,60.3
Mauritania,2002,57.7
Mauritania,2003,55
Mauritania,2004,52.4
Mauritania,2005,49.8
Mauritania,2006,47.5
Mauritania,2007,45.5
Mauritania,2008,43.9
Mauritania,2009,42.5
Mauritania,2010,41.5
Mauritania,2011,40.5
Mauritania,2012,39.7
Mauritania,2013,38.9
Mauritania,2014,38.1
Mauritania,2015,37.3
Mauritius,2000,16.5
Mauritius,2001,15.4
Mauritius,2002,14.6
Mauritius,2003,14.1
Mauritius,2004,13.8
Mauritius,2005,13.7
Mauritius,2006,13.5
Mauritius,2007,13.4
Mauritius,2008,13.1
Mauritius,2009,12.8
Mauritius,2010,12.8
Mauritius,2011,12.9
Mauritius,2012,13.1
Mauritius,2013,13.1
Mauritius,2014,13
Mauritius,2015,12.9
Malawi,2000,99.6
Malawi,2001,92.4
Malawi,2002,84.5
Malawi,2003,76.7
Malawi,2004,70
Malawi,2005,64.9
Malawi,2006,61.5
Malawi,2007,59.3
Malawi,2008,56.2
Malawi,2009,54
Malawi,2010,52
Malawi,2011,48.4
Malawi,2012,45.6
Malawi,2013,42.7
Malawi,2014,40.3
Malawi,2015,38.5
Malaysia,2000,8.7
Malaysia,2001,8.1
Malaysia,2002,7.6
Malaysia,2003,7.3
Malaysia,2004,7.1
Malaysia,2005,7
Malaysia,2006,7
Malaysia,2007,7
Malaysia,2008,7
Malaysia,2009,7
Malaysia,2010,6.9
Malaysia,2011,6.9
Malaysia,2012,6.9
Malaysia,2013,6.9
Malaysia,2014,6.9
Malaysia,2015,7
North America,2000,7
North America,2001,6.9
North America,2002,6.8
North America,2003,6.8
North America,2004,6.7
North America,2005,6.6
North America,2006,6.6
North America,2007,6.5
North America,2008,6.4
North America,2009,6.2
North America,2010,6.1
North America,2011,6
North America,2012,5.9
North America,2013,5.8
North America,2014,5.8
North America,2015,5.7
Namibia,2000,45.3
Namibia,2001,44.4
Namibia,2002,43.6
Namibia,2003,43.1
Namibia,2004,42.4
Namibia,2005,39.2
Namibia,2006,37.4
Namibia,2007,37.8
Namibia,2008,37.8
Namibia,2009,38.8
Namibia,2010,36.9
Namibia,2011,37.1
Namibia,2012,38.2
Namibia,2013,35.9
Namibia,2014,33.4
Namibia,2015,33.1
Niger,2000,98.2
Niger,2001,94.8
Niger,2002,90.9
Niger,2003,87
Niger,2004,83
Niger,2005,79.2
Niger,2006,75.8
Niger,2007,72.9
Niger,2008,70.5
Niger,2009,68.5
Niger,2010,67
Niger,2011,65.9
Niger,2012,65
Niger,2013,64.4
Niger,2014,63.9
Niger,2015,63.5
Nigeria,2000,109.6
Nigeria,2001,106.6
Nigeria,2002,103.6
Nigeria,2003,100.6
Nigeria,2004,97.6
Nigeria,2005,94.7
Nigeria,2006,92.1
Nigeria,2007,89.6
Nigeria,2008,87.5
Nigeria,2009,85.7
Nigeria,2010,84.2
Nigeria,2011,82.9
Nigeria,2012,81.8
Nigeria,2013,80.8
Nigeria,2014,80
Nigeria,2015,79.2
Nicaragua,2000,31.2
Nicaragua,2001,29.7
Nicaragua,2002,28.3
Nicaragua,2003,27
Nicaragua,2004,25.8
Nicaragua,2005,24.7
Nicaragua,2006,23.6
Nicaragua,2007,22.6
Nicaragua,2008,21.6
Nicaragua,2009,20.8
Nicaragua,2010,20
Nicaragua,2011,19.2
Nicaragua,2012,18.5
Nicaragua,2013,17.8
Nicaragua,2014,17.1
Nicaragua,2015,16.5
Netherlands,2000,5.1
Netherlands,2001,5
Netherlands,2002,4.9
Netherlands,2003,4.8
Netherlands,2004,4.6
Netherlands,2005,4.4
Netherlands,2006,4.3
Netherlands,2007,4.1
Netherlands,2008,4
Netherlands,2009,3.8
Netherlands,2010,3.7
Netherlands,2011,3.6
Netherlands,2012,3.6
Netherlands,2013,3.5
Netherlands,2014,3.5
Netherlands,2015,3.5
Norway,2000,3.9
Norway,2001,3.8
Norway,2002,3.7
Norway,2003,3.6
Norway,2004,3.4
Norway,2005,3.3
Norway,2006,3.2
Norway,2007,3
Norway,2008,2.9
Norway,2009,2.8
Norway,2010,2.7
Norway,2011,2.5
Norway,2012,2.4
Norway,2013,2.4
Norway,2014,2.3
Norway,2015,2.2
Nepal,2000,58.5
Nepal,2001,55.7
Nepal,2002,53.1
Nepal,2003,50.7
Nepal,2004,48.5
Nepal,2005,46.5
Nepal,2006,44.6
Nepal,2007,42.9
Nepal,2008,41.2
Nepal,2009,39.7
Nepal,2010,38.2
Nepal,2011,36.7
Nepal,2012,35.2
Nepal,2013,33.8
Nepal,2014,32.4
Nepal,2015,31
Nauru,2000,34.3
Nauru,2001,33.3
Nauru,2002,32.5
Nauru,2003,31.9
Nauru,2004,31.5
Nauru,2005,31.3
Nauru,2006,31.1
Nauru,2007,31.1
Nauru,2008,31.1
Nauru,2009,30.9
Nauru,2010,30.6
Nauru,2011,30.1
Nauru,2012,29.5
Nauru,2013,28.8
Nauru,2014,28.1
Nauru,2015,27.4
New Zealand,2000,6.1
New Zealand,2001,5.9
New Zealand,2002,5.8
New Zealand,2003,5.7
New Zealand,2004,5.6
New Zealand,2005,5.5
New Zealand,2006,5.4
New Zealand,2007,5.3
New Zealand,2008,5.3
New Zealand,2009,5.2
New Zealand,2010,5.2
New Zealand,2011,5.1
New Zealand,2012,5
New Zealand,2013,4.8
New Zealand,2014,4.7
New Zealand,2015,4.6
OECD members,2000,11.2671405
OECD members,2001,10.88414143
OECD members,2002,10.37197078
OECD members,2003,9.949177032
OECD members,2004,9.544822985
OECD members,2005,9.202990236
OECD members,2006,8.83984031
OECD members,2007,8.479511392
OECD members,2008,8.153995242
OECD members,2009,7.879480612
OECD members,2010,7.595547322
OECD members,2011,7.389229407
OECD members,2012,7.178222948
OECD members,2013,6.997157937
OECD members,2014,6.809604318
OECD members,2015,6.623436059
Oman,2000,14.1
Oman,2001,13.2
Oman,2002,12.5
Oman,2003,11.9
Oman,2004,11.4
Oman,2005,11
Oman,2006,10.7
Oman,2007,10.5
Oman,2008,10.3
Oman,2009,10.2
Oman,2010,10.1
Oman,2011,10
Oman,2012,9.8
Oman,2013,9.7
Oman,2014,9.7
Oman,2015,9.6
Other small states,2000,47.26113051
Other small states,2001,46.57576247
Other small states,2002,45.32153959
Other small states,2003,44.00182542
Other small states,2004,42.55571841
Other small states,2005,41.24149072
Other small states,2006,38.65971141
Other small states,2007,37.58264521
Other small states,2008,36.59262136
Other small states,2009,35.0941432
Other small states,2010,33.84583599
Other small states,2011,32.68923376
Other small states,2012,31.78520907
Other small states,2013,31.12809453
Other small states,2014,30.33186887
Other small states,2015,29.10383984
Pakistan,2000,84.8
Pakistan,2001,82.9
Pakistan,2002,81.1
Pakistan,2003,79.5
Pakistan,2004,78.1
Pakistan,2005,76.8
Pakistan,2006,75.5
Pakistan,2007,74.3
Pakistan,2008,73
Pakistan,2009,71.6
Pakistan,2010,70.2
Pakistan,2011,68.7
Pakistan,2012,67.1
Pakistan,2013,65.5
Pakistan,2014,63.8
Pakistan,2015,62.2
Panama,2000,21.6
Panama,2001,21
Panama,2002,20.3
Panama,2003,19.7
Panama,2004,19.1
Panama,2005,18.4
Panama,2006,17.8
Panama,2007,17.2
Panama,2008,16.7
Panama,2009,16.2
Panama,2010,15.8
Panama,2011,15.5
Panama,2012,15.2
Panama,2013,15
Panama,2014,14.9
Panama,2015,14.8
Peru,2000,29.1
Peru,2001,26.9
Peru,2002,25
Peru,2003,23.3
Peru,2004,21.8
Peru,2005,20.5
Peru,2006,19.3
Peru,2007,18.2
Peru,2008,17.2
Peru,2009,16.4
Peru,2010,15.6
Peru,2011,15
Peru,2012,14.4
Peru,2013,13.9
Peru,2014,13.5
Peru,2015,13.2
Philippines,2000,28.2
Philippines,2001,27.7
Philippines,2002,27.1
Philippines,2003,26.6
Philippines,2004,26.1
Philippines,2005,25.6
Philippines,2006,25.1
Philippines,2007,24.6
Philippines,2008,24.1
Philippines,2009,23.7
Philippines,2010,23.3
Philippines,2011,23
Philippines,2012,22.7
Philippines,2013,22.4
Philippines,2014,22.2
Philippines,2015,22.1
Palau,2000,25.4
Palau,2001,24.6
Palau,2002,23.8
Palau,2003,23.1
Palau,2004,22.3
Palau,2005,21.6
Palau,2006,20.9
Palau,2007,20.3
Palau,2008,19.8
Palau,2009,19.4
Palau,2010,19.3
Palau,2011,19.3
Palau,2012,19.5
Palau,2013,19.8
Palau,2014,20.3
Palau,2015,21
Papua New Guinea,2000,53.9
Papua New Guinea,2001,53.2
Papua New Guinea,2002,52.4
Papua New Guinea,2003,51.6
Papua New Guinea,2004,50.8
Papua New Guinea,2005,49.9
Papua New Guinea,2006,49.1
Papua New Guinea,2007,48.1
Papua New Guinea,2008,47.2
Papua New Guinea,2009,46.2
Papua New Guinea,2010,45.3
Papua New Guinea,2011,44.3
Papua New Guinea,2012,43.4
Papua New Guinea,2013,42.4
Papua New Guinea,2014,41.5
Papua New Guinea,2015,40.6
Poland,2000,8.1
Poland,2001,7.6
Poland,2002,7.3
Poland,2003,7
Poland,2004,6.8
Poland,2005,6.5
Poland,2006,6.3
Poland,2007,6
Poland,2008,5.8
Poland,2009,5.5
Poland,2010,5.1
Poland,2011,4.9
Poland,2012,4.7
Poland,2013,4.5
Poland,2014,4.3
Poland,2015,4.2
Pre-demographic dividend,2000,93.00465829
Pre-demographic dividend,2001,90.12812632
Pre-demographic dividend,2002,87.18966951
Pre-demographic dividend,2003,84.21540007
Pre-demographic dividend,2004,81.21562036
Pre-demographic dividend,2005,78.37088989
Pre-demographic dividend,2006,75.73999291
Pre-demographic dividend,2007,73.28526147
Pre-demographic dividend,2008,71.05985818
Pre-demographic dividend,2009,68.99765069
Pre-demographic dividend,2010,67.18331551
Pre-demographic dividend,2011,65.43387901
Pre-demographic dividend,2012,63.8472731
Pre-demographic dividend,2013,62.30526958
Pre-demographic dividend,2014,60.98881403
Pre-demographic dividend,2015,59.74422976
Democratic People's Republic of Korea,2000,60.1
Democratic People's Republic of Korea,2001,59.2
Democratic People's Republic of Korea,2002,58
Democratic People's Republic of Korea,2003,26.9
Democratic People's Republic of Korea,2004,26.2
Democratic People's Republic of Korea,2005,25.6
Democratic People's Republic of Korea,2006,25.2
Democratic People's Republic of Korea,2007,25.2
Democratic People's Republic of Korea,2008,24.7
Democratic People's Republic of Korea,2009,24.1
Democratic People's Republic of Korea,2010,23.1
Democratic People's Republic of Korea,2011,21.8
Democratic People's Republic of Korea,2012,20.3
Democratic People's Republic of Korea,2013,19
Democratic People's Republic of Korea,2014,17.8
Democratic People's Republic of Korea,2015,16.8
Portugal,2000,5.5
Portugal,2001,5.1
Portugal,2002,4.7
Portugal,2003,4.3
Portugal,2004,3.9
Portugal,2005,3.7
Portugal,2006,3.4
Portugal,2007,3.3
Portugal,2008,3.2
Portugal,2009,3.1
Portugal,2010,3.1
Portugal,2011,3
Portugal,2012,3
Portugal,2013,3
Portugal,2014,3
Portugal,2015,3
Paraguay,2000,27.9
Paraguay,2001,27.3
Paraguay,2002,26.7
Paraguay,2003,26.1
Paraguay,2004,25.5
Paraguay,2005,24.9
Paraguay,2006,24.3
Paraguay,2007,23.7
Paraguay,2008,23
Paraguay,2009,22.4
Paraguay,2010,21.8
Paraguay,2011,21.2
Paraguay,2012,20.6
Paraguay,2013,20
Paraguay,2014,19.4
Paraguay,2015,18.8
West Bank and Gaza,2000,25.3
West Bank and Gaza,2001,24.6
West Bank and Gaza,2002,23.9
West Bank and Gaza,2003,23.3
West Bank and Gaza,2004,22.6
West Bank and Gaza,2005,22
West Bank and Gaza,2006,21.3
West Bank and Gaza,2007,20.7
West Bank and Gaza,2008,20.1
West Bank and Gaza,2009,19.4
West Bank and Gaza,2010,18.8
West Bank and Gaza,2011,18.2
West Bank and Gaza,2012,17.5
West Bank and Gaza,2013,16.9
West Bank and Gaza,2014,17.2
West Bank and Gaza,2015,15.8
Pacific island small states,2000,23.88957509
Pacific island small states,2001,23.56341813
Pacific island small states,2002,23.42413879
Pacific island small states,2003,23.12176623
Pacific island small states,2004,23.0415325
Pacific island small states,2005,22.99492532
Pacific island small states,2006,22.88021628
Pacific island small states,2007,22.7202021
Pacific island small states,2008,22.41210151
Pacific island small states,2009,22.22004007
Pacific island small states,2010,21.62316993
Pacific island small states,2011,21.18605249
Pacific island small states,2012,20.76809512
Pacific island small states,2013,20.43015895
Pacific island small states,2014,20.14474121
Pacific island small states,2015,19.97701328
Post-demographic dividend,2000,6.053993698
Post-demographic dividend,2001,5.876747924
Post-demographic dividend,2002,5.727529489
Post-demographic dividend,2003,5.643198739
Post-demographic dividend,2004,5.488144009
Post-demographic dividend,2005,5.371320744
Post-demographic dividend,2006,5.292794986
Post-demographic dividend,2007,5.165512797
Post-demographic dividend,2008,5.041378219
Post-demographic dividend,2009,4.908841083
Post-demographic dividend,2010,4.733313618
Post-demographic dividend,2011,4.632694727
Post-demographic dividend,2012,4.526265171
Post-demographic dividend,2013,4.436950303
Post-demographic dividend,2014,4.399186782
Post-demographic dividend,2015,4.329967761
Qatar,2000,10.7
Qatar,2001,10.3
Qatar,2002,10
Qatar,2003,9.6
Qatar,2004,9.3
Qatar,2005,9
Qatar,2006,8.7
Qatar,2007,8.4
Qatar,2008,8.2
Qatar,2009,8
Qatar,2010,7.8
Qatar,2011,7.6
Qatar,2012,7.4
Qatar,2013,7.2
Qatar,2014,6.9
Qatar,2015,6.6
Romania,2000,18
Romania,2001,17.3
Romania,2002,17.1
Romania,2003,17
Romania,2004,16.4
Romania,2005,15.5
Romania,2006,14.2
Romania,2007,13
Romania,2008,11.9
Romania,2009,11.1
Romania,2010,10.5
Romania,2011,10
Romania,2012,9.5
Romania,2013,8.9
Romania,2014,8.3
Romania,2015,7.7
Russian Federation,2000,15.5
Russian Federation,2001,14.8
Russian Federation,2002,13.9
Russian Federation,2003,13
Russian Federation,2004,12
Russian Federation,2005,11.1
Russian Federation,2006,10.3
Russian Federation,2007,9.6
Russian Federation,2008,9
Russian Federation,2009,8.6
Russian Federation,2010,8.4
Russian Federation,2011,8.2
Russian Federation,2012,7.9
Russian Federation,2013,7.6
Russian Federation,2014,7.2
Russian Federation,2015,6.6
Rwanda,2000,109.4
Rwanda,2001,99.9
Rwanda,2002,90.3
Rwanda,2003,81.4
Rwanda,2004,72.9
Rwanda,2005,65.7
Rwanda,2006,59.6
Rwanda,2007,54.5
Rwanda,2008,50.3
Rwanda,2009,47.1
Rwanda,2010,44.1
Rwanda,2011,40.7
Rwanda,2012,38.9
Rwanda,2013,37.2
Rwanda,2014,35.8
Rwanda,2015,34.7
South Asia,2000,68.7
South Asia,2001,66.6
South Asia,2002,64.6
South Asia,2003,62.7
South Asia,2004,60.9
South Asia,2005,59
South Asia,2006,57.2
South Asia,2007,55.4
South Asia,2008,53.5
South Asia,2009,51.8
South Asia,2010,49.9
South Asia,2011,48.1
South Asia,2012,46.2
South Asia,2013,44.4
South Asia,2014,42.6
South Asia,2015,40.8
Saudi Arabia,2000,18.8
Saudi Arabia,2001,17.8
Saudi Arabia,2002,16.8
Saudi Arabia,2003,15.9
Saudi Arabia,2004,15
Saudi Arabia,2005,14.2
Saudi Arabia,2006,13.4
Saudi Arabia,2007,12.6
Saudi Arabia,2008,11.9
Saudi Arabia,2009,11.2
Saudi Arabia,2010,10.5
Saudi Arabia,2011,9.9
Saudi Arabia,2012,9.3
Saudi Arabia,2013,8.8
Saudi Arabia,2014,8.2
Saudi Arabia,2015,7.8
Sudan,2000,66.4
Sudan,2001,64.5
Sudan,2002,62.5
Sudan,2003,60.7
Sudan,2004,58.9
Sudan,2005,57.1
Sudan,2006,55.5
Sudan,2007,54
Sudan,2008,52.6
Sudan,2009,51.3
Sudan,2010,50
Sudan,2011,48.9
Sudan,2012,47.7
Sudan,2013,46.7
Sudan,2014,45.6
Sudan,2015,44.5
Senegal,2000,67.7
Senegal,2001,65.2
Senegal,2002,62.2
Senegal,2003,59.1
Senegal,2004,56.1
Senegal,2005,53.1
Senegal,2006,50.5
Senegal,2007,48.2
Senegal,2008,46.1
Senegal,2009,44.3
Senegal,2010,42.6
Senegal,2011,41.1
Senegal,2012,39.6
Senegal,2013,38.2
Senegal,2014,36.9
Senegal,2015,35.5
Singapore,2000,3
Singapore,2001,2.8
Singapore,2002,2.7
Singapore,2003,2.5
Singapore,2004,2.4
Singapore,2005,2.3
Singapore,2006,2.3
Singapore,2007,2.3
Singapore,2008,2.2
Singapore,2009,2.2
Singapore,2010,2.2
Singapore,2011,2.2
Singapore,2012,2.2
Singapore,2013,2.2
Singapore,2014,2.2
Singapore,2015,2.2
Solomon Islands,2000,25.6
Solomon Islands,2001,25.4
Solomon Islands,2002,25.2
Solomon Islands,2003,24.9
Solomon Islands,2004,24.7
Solomon Islands,2005,24.5
Solomon Islands,2006,24.2
Solomon Islands,2007,23.8
Solomon Islands,2008,23.3
Solomon Islands,2009,22.8
Solomon Islands,2010,22.3
Solomon Islands,2011,21.7
Solomon Islands,2012,21.1
Solomon Islands,2013,20.6
Solomon Islands,2014,20
Solomon Islands,2015,19.4
Sierra Leone,2000,138.3
Sierra Leone,2001,135.8
Sierra Leone,2002,133.1
Sierra Leone,2003,130.3
Sierra Leone,2004,127.4
Sierra Leone,2005,124.3
Sierra Leone,2006,121.1
Sierra Leone,2007,117.8
Sierra Leone,2008,114.3
Sierra Leone,2009,110.8
Sierra Leone,2010,107.3
Sierra Leone,2011,104
Sierra Leone,2012,100.8
Sierra Leone,2013,97.9
Sierra Leone,2014,95.8
Sierra Leone,2015,95.3
El Salvador,2000,27.3
El Salvador,2001,25.9
El Salvador,2002,24.6
El Salvador,2003,23.3
El Salvador,2004,22.2
El Salvador,2005,21.1
El Salvador,2006,20
El Salvador,2007,19.1
El Salvador,2008,18.1
El Salvador,2009,17.2
El Salvador,2010,16.4
El Salvador,2011,15.7
El Salvador,2012,14.9
El Salvador,2013,14.3
El Salvador,2014,13.7
El Salvador,2015,13.2
San Marino,2000,4.9
San Marino,2001,4.5
San Marino,2002,4.2
San Marino,2003,3.9
San Marino,2004,3.6
San Marino,2005,3.3
San Marino,2006,3.1
San Marino,2007,2.9
San Marino,2008,2.7
San Marino,2009,2.6
San Marino,2010,2.4
San Marino,2011,2.3
San Marino,2012,2.1
San Marino,2013,2
San Marino,2014,1.9
San Marino,2015,1.8
Somalia,2000,104
Somalia,2001,104
Somalia,2002,104
Somalia,2003,104
Somalia,2004,104
Somalia,2005,103.9
Somalia,2006,103.6
Somalia,2007,102.6
Somalia,2008,100.8
Somalia,2009,98.2
Somalia,2010,95.5
Somalia,2011,92.9
Somalia,2012,90.2
Somalia,2013,87.5
Somalia,2014,85.1
Somalia,2015,82.7
Serbia,2000,11
Serbia,2001,10.5
Serbia,2002,9.9
Serbia,2003,9.1
Serbia,2004,8.4
Serbia,2005,7.7
Serbia,2006,7.3
Serbia,2007,7
Serbia,2008,6.9
Serbia,2009,6.7
Serbia,2010,6.6
Serbia,2011,6.4
Serbia,2012,6.2
Serbia,2013,5.9
Serbia,2014,5.7
Serbia,2015,5.4
Sub-Saharan Africa (excluding high income),2000,91.16930371
Sub-Saharan Africa (excluding high income),2001,88.31328921
Sub-Saharan Africa (excluding high income),2002,85.39623331
Sub-Saharan Africa (excluding high income),2003,82.43751525
Sub-Saharan Africa (excluding high income),2004,79.45879939
Sub-Saharan Africa (excluding high income),2005,76.61817278
Sub-Saharan Africa (excluding high income),2006,74.01877451
Sub-Saharan Africa (excluding high income),2007,71.50298722
Sub-Saharan Africa (excluding high income),2008,69.12651444
Sub-Saharan Africa (excluding high income),2009,67.0420266
Sub-Saharan Africa (excluding high income),2010,65.11576096
Sub-Saharan Africa (excluding high income),2011,63.3199948
Sub-Saharan Africa (excluding high income),2012,61.65515338
Sub-Saharan Africa (excluding high income),2013,60.10816661
Sub-Saharan Africa (excluding high income),2014,58.76787896
Sub-Saharan Africa (excluding high income),2015,57.47032499
South Sudan,2000,109.2
South Sudan,2001,104.4
South Sudan,2002,99.8
South Sudan,2003,95.4
South Sudan,2004,91.1
South Sudan,2005,87
South Sudan,2006,83.1
South Sudan,2007,79.5
South Sudan,2008,76
South Sudan,2009,72.8
South Sudan,2010,69.7
South Sudan,2011,66.9
South Sudan,2012,65
South Sudan,2013,64.1
South Sudan,2014,63.8
South Sudan,2015,63.8
Sub-Saharan Africa,2000,91.2
Sub-Saharan Africa,2001,88.3
Sub-Saharan Africa,2002,85.4
Sub-Saharan Africa,2003,82.4
Sub-Saharan Africa,2004,79.5
Sub-Saharan Africa,2005,76.6
Sub-Saharan Africa,2006,74
Sub-Saharan Africa,2007,71.5
Sub-Saharan Africa,2008,69.1
Sub-Saharan Africa,2009,67
Sub-Saharan Africa,2010,65.1
Sub-Saharan Africa,2011,63.3
Sub-Saharan Africa,2012,61.7
Sub-Saharan Africa,2013,60.1
Sub-Saharan Africa,2014,58.8
Sub-Saharan Africa,2015,57.5
Small states,2000,39.75898621
Small states,2001,39.12412471
Small states,2002,38.24374395
Small states,2003,37.28240808
Small states,2004,36.26626742
Small states,2005,35.29188929
Small states,2006,33.49345852
Small states,2007,32.67571922
Small states,2008,31.88367308
Small states,2009,30.77667824
Small states,2010,29.77965247
Small states,2011,28.84796359
Small states,2012,28.08631483
Small states,2013,27.52157447
Small states,2014,26.84335556
Small states,2015,25.93183978
Sao Tome and Principe,2000,54.3
Sao Tome and Principe,2001,51.2
Sao Tome and Principe,2002,48
Sao Tome and Principe,2003,45
Sao Tome and Principe,2004,42.1
Sao Tome and Principe,2005,39.3
Sao Tome and Principe,2006,36.7
Sao Tome and Principe,2007,34.3
Sao Tome and Principe,2008,32
Sao Tome and Principe,2009,29.8
Sao Tome and Principe,2010,27.7
Sao Tome and Principe,2011,25.7
Sao Tome and Principe,2012,23.8
Sao Tome and Principe,2013,21.9
Sao Tome and Principe,2014,20.1
Sao Tome and Principe,2015,18.4
Suriname,2000,27.4
Suriname,2001,26.5
Suriname,2002,25.7
Suriname,2003,24.9
Suriname,2004,24.2
Suriname,2005,23.5
Suriname,2006,22.9
Suriname,2007,22.2
Suriname,2008,21.7
Suriname,2009,21.1
Suriname,2010,20.6
Suriname,2011,20.1
Suriname,2012,19.6
Suriname,2013,19.2
Suriname,2014,18.7
Suriname,2015,18.3
Slovakia,2000,8.1
Slovakia,2001,7.8
Slovakia,2002,7.6
Slovakia,2003,7.4
Slovakia,2004,7.2
Slovakia,2005,6.9
Slovakia,2006,6.7
Slovakia,2007,6.4
Slovakia,2008,6.1
Slovakia,2009,5.9
Slovakia,2010,5.7
Slovakia,2011,5.6
Slovakia,2012,5.4
Slovakia,2013,5.3
Slovakia,2014,5.3
Slovakia,2015,5.2
Slovenia,2000,4.5
Slovenia,2001,4.3
Slovenia,2002,4.1
Slovenia,2003,3.9
Slovenia,2004,3.7
Slovenia,2005,3.5
Slovenia,2006,3.3
Slovenia,2007,3.1
Slovenia,2008,2.9
Slovenia,2009,2.8
Slovenia,2010,2.6
Slovenia,2011,2.5
Slovenia,2012,2.4
Slovenia,2013,2.3
Slovenia,2014,2.2
Slovenia,2015,2.1
Sweden,2000,3.4
Sweden,2001,3.4
Sweden,2002,3.3
Sweden,2003,3.2
Sweden,2004,3.1
Sweden,2005,3
Sweden,2006,2.8
Sweden,2007,2.7
Sweden,2008,2.6
Sweden,2009,2.6
Sweden,2010,2.5
Sweden,2011,2.5
Sweden,2012,2.4
Sweden,2013,2.4
Sweden,2014,2.4
Sweden,2015,2.3
Swaziland,2000,69
Swaziland,2001,70.2
Swaziland,2002,70.9
Swaziland,2003,71.6
Swaziland,2004,71
Swaziland,2005,70.7
Swaziland,2006,61.7
Swaziland,2007,62.5
Swaziland,2008,64.5
Swaziland,2009,61.4
Swaziland,2010,58.4
Swaziland,2011,54.4
Swaziland,2012,53.5
Swaziland,2013,52.3
Swaziland,2014,52.9
Swaziland,2015,49.5
Seychelles,2000,11.9
Seychelles,2001,11.8
Seychelles,2002,11.8
Seychelles,2003,11.8
Seychelles,2004,11.9
Seychelles,2005,11.9
Seychelles,2006,11.9
Seychelles,2007,12
Seychelles,2008,12
Seychelles,2009,12.1
Seychelles,2010,12.1
Seychelles,2011,12.2
Seychelles,2012,12.3
Seychelles,2013,12.4
Seychelles,2014,12.5
Seychelles,2015,12.5
Syrian Arab Republic,2000,19.6
Syrian Arab Republic,2001,18.9
Syrian Arab Republic,2002,18.3
Syrian Arab Republic,2003,17.7
Syrian Arab Republic,2004,17.3
Syrian Arab Republic,2005,16.9
Syrian Arab Republic,2006,16.6
Syrian Arab Republic,2007,16.4
Syrian Arab Republic,2008,16.3
Syrian Arab Republic,2009,16.3
Syrian Arab Republic,2010,16.3
Syrian Arab Republic,2011,18.3
Syrian Arab Republic,2012,26.3
Syrian Arab Republic,2013,28.3
Syrian Arab Republic,2014,27.2
Syrian Arab Republic,2015,26.7
Turks and Caicos Islands,2000,7.5
Turks and Caicos Islands,2001,7.1
Turks and Caicos Islands,2002,6.8
Turks and Caicos Islands,2003,6.5
Turks and Caicos Islands,2004,6.2
Turks and Caicos Islands,2005,6
Turks and Caicos Islands,2006,5.8
Turks and Caicos Islands,2007,5.6
Turks and Caicos Islands,2008,5.5
Turks and Caicos Islands,2009,5.3
Turks and Caicos Islands,2010,5.2
Turks and Caicos Islands,2011,5.1
Turks and Caicos Islands,2012,5
Turks and Caicos Islands,2013,5
Turks and Caicos Islands,2014,4.9
Turks and Caicos Islands,2015,4.8
Chad,2000,99.8
Chad,2001,98.3
Chad,2002,96.8
Chad,2003,95.4
Chad,2004,93.9
Chad,2005,92.4
Chad,2006,90.8
Chad,2007,89.2
Chad,2008,87.5
Chad,2009,85.7
Chad,2010,84
Chad,2011,82.3
Chad,2012,80.6
Chad,2013,78.9
Chad,2014,77.3
Chad,2015,75.7
East Asia & Pacific (IDA & IBRD countries),2000,32.86466999
East Asia & Pacific (IDA & IBRD countries),2001,31.21007581
East Asia & Pacific (IDA & IBRD countries),2002,29.46567503
East Asia & Pacific (IDA & IBRD countries),2003,27.6662794
East Asia & Pacific (IDA & IBRD countries),2004,26.25943744
East Asia & Pacific (IDA & IBRD countries),2005,24.27257358
East Asia & Pacific (IDA & IBRD countries),2006,22.83373614
East Asia & Pacific (IDA & IBRD countries),2007,21.43896967
East Asia & Pacific (IDA & IBRD countries),2008,20.57942202
East Asia & Pacific (IDA & IBRD countries),2009,19.05110566
East Asia & Pacific (IDA & IBRD countries),2010,18.04687083
East Asia & Pacific (IDA & IBRD countries),2011,17.15351532
East Asia & Pacific (IDA & IBRD countries),2012,15.98650978
East Asia & Pacific (IDA & IBRD countries),2013,15.36624994
East Asia & Pacific (IDA & IBRD countries),2014,14.52015923
East Asia & Pacific (IDA & IBRD countries),2015,14.07207613
Europe & Central Asia (IDA & IBRD countries),2000,27.84242342
Europe & Central Asia (IDA & IBRD countries),2001,26.22729152
Europe & Central Asia (IDA & IBRD countries),2002,24.5400208
Europe & Central Asia (IDA & IBRD countries),2003,22.94211259
Europe & Central Asia (IDA & IBRD countries),2004,21.54122122
Europe & Central Asia (IDA & IBRD countries),2005,20.26935352
Europe & Central Asia (IDA & IBRD countries),2006,19.03011674
Europe & Central Asia (IDA & IBRD countries),2007,17.85195314
Europe & Central Asia (IDA & IBRD countries),2008,16.68837726
Europe & Central Asia (IDA & IBRD countries),2009,15.71365482
Europe & Central Asia (IDA & IBRD countries),2010,14.90214674
Europe & Central Asia (IDA & IBRD countries),2011,14.15664002
Europe & Central Asia (IDA & IBRD countries),2012,13.38027569
Europe & Central Asia (IDA & IBRD countries),2013,12.76556373
Europe & Central Asia (IDA & IBRD countries),2014,12.13517542
Europe & Central Asia (IDA & IBRD countries),2015,11.51311244
Togo,2000,75.6
Togo,2001,73.6
Togo,2002,71.7
Togo,2003,69.8
Togo,2004,68
Togo,2005,66.2
Togo,2006,64.6
Togo,2007,62.9
Togo,2008,61.3
Togo,2009,59.8
Togo,2010,58.2
Togo,2011,56.7
Togo,2012,55.2
Togo,2013,53.7
Togo,2014,52.2
Togo,2015,50.8
Thailand,2000,18.2
Thailand,2001,17.2
Thailand,2002,16.3
Thailand,2003,15.5
Thailand,2004,14.7
Thailand,2005,13.9
Thailand,2006,13.2
Thailand,2007,12.5
Thailand,2008,11.8
Thailand,2009,11.3
Thailand,2010,10.8
Thailand,2011,10.3
Thailand,2012,9.9
Thailand,2013,9.5
Thailand,2014,9.2
Thailand,2015,8.9
Tajikistan,2000,67.4
Tajikistan,2001,62.8
Tajikistan,2002,58.4
Tajikistan,2003,54.2
Tajikistan,2004,50.5
Tajikistan,2005,47.1
Tajikistan,2006,44.2
Tajikistan,2007,41.8
Tajikistan,2008,39.8
Tajikistan,2009,38.2
Tajikistan,2010,37
Tajikistan,2011,35.9
Tajikistan,2012,35
Tajikistan,2013,34.3
Tajikistan,2014,33.5
Tajikistan,2015,32.7
Turkmenistan,2000,57.1
Turkmenistan,2001,54.4
Turkmenistan,2002,51.6
Turkmenistan,2003,49
Turkmenistan,2004,46.5
Turkmenistan,2005,44.2
Turkmenistan,2006,42.1
Turkmenistan,2007,40.4
Turkmenistan,2008,39.1
Turkmenistan,2009,38
Turkmenistan,2010,37.2
Turkmenistan,2011,36.7
Turkmenistan,2012,36.4
Turkmenistan,2013,36.3
Turkmenistan,2014,36.5
Turkmenistan,2015,36.7
Latin America & the Caribbean (IDA & IBRD countries),2000,27.71626857
Latin America & the Caribbean (IDA & IBRD countries),2001,26.42093157
Latin America & the Caribbean (IDA & IBRD countries),2002,25.19775409
Latin America & the Caribbean (IDA & IBRD countries),2003,24.06837681
Latin America & the Caribbean (IDA & IBRD countries),2004,23.0300693
Latin America & the Caribbean (IDA & IBRD countries),2005,22.03287626
Latin America & the Caribbean (IDA & IBRD countries),2006,21.08705449
Latin America & the Caribbean (IDA & IBRD countries),2007,20.25736583
Latin America & the Caribbean (IDA & IBRD countries),2008,19.50695731
Latin America & the Caribbean (IDA & IBRD countries),2009,18.79319604
Latin America & the Caribbean (IDA & IBRD countries),2010,18.75139481
Latin America & the Caribbean (IDA & IBRD countries),2011,17.6062388
Latin America & the Caribbean (IDA & IBRD countries),2012,17.0681481
Latin America & the Caribbean (IDA & IBRD countries),2013,16.57555989
Latin America & the Caribbean (IDA & IBRD countries),2014,16.12081676
Latin America & the Caribbean (IDA & IBRD countries),2015,15.79950033
Timor-Leste,2000,87.3
Timor-Leste,2001,83.7
Timor-Leste,2002,80.2
Timor-Leste,2003,76.8
Timor-Leste,2004,73.6
Timor-Leste,2005,70.6
Timor-Leste,2006,67.7
Timor-Leste,2007,65.1
Timor-Leste,2008,62.7
Timor-Leste,2009,60.6
Timor-Leste,2010,58.8
Timor-Leste,2011,57.1
Timor-Leste,2012,55.6
Timor-Leste,2013,54.2
Timor-Leste,2014,52.8
Timor-Leste,2015,51.5
Middle East & North Africa (IDA & IBRD countries),2000,37.45652728
Middle East & North Africa (IDA & IBRD countries),2001,35.80716976
Middle East & North Africa (IDA & IBRD countries),2002,34.31375673
Middle East & North Africa (IDA & IBRD countries),2003,32.87607681
Middle East & North Africa (IDA & IBRD countries),2004,31.46946202
Middle East & North Africa (IDA & IBRD countries),2005,30.1640276
Middle East & North Africa (IDA & IBRD countries),2006,28.90978563
Middle East & North Africa (IDA & IBRD countries),2007,27.58962185
Middle East & North Africa (IDA & IBRD countries),2008,26.38641044
Middle East & North Africa (IDA & IBRD countries),2009,25.42104446
Middle East & North Africa (IDA & IBRD countries),2010,24.46694828
Middle East & North Africa (IDA & IBRD countries),2011,23.78528288
Middle East & North Africa (IDA & IBRD countries),2012,23.53063977
Middle East & North Africa (IDA & IBRD countries),2013,22.873063
Middle East & North Africa (IDA & IBRD countries),2014,22.01058128
Middle East & North Africa (IDA & IBRD countries),2015,21.38283581
Tonga,2000,14.5
Tonga,2001,14.1
Tonga,2002,13.7
Tonga,2003,13.4
Tonga,2004,13
Tonga,2005,12.7
Tonga,2006,12.3
Tonga,2007,12.1
Tonga,2008,11.8
Tonga,2009,11.5
Tonga,2010,11.3
Tonga,2011,11.2
Tonga,2012,11
Tonga,2013,10.9
Tonga,2014,10.8
Tonga,2015,10.7
South Asia (IDA & IBRD),2000,68.64964562
South Asia (IDA & IBRD),2001,66.61668038
South Asia (IDA & IBRD),2002,64.66627421
South Asia (IDA & IBRD),2003,62.70245111
South Asia (IDA & IBRD),2004,60.89006656
South Asia (IDA & IBRD),2005,59.0228153
South Asia (IDA & IBRD),2006,57.16041653
South Asia (IDA & IBRD),2007,55.37804211
South Asia (IDA & IBRD),2008,53.53774706
South Asia (IDA & IBRD),2009,51.71636612
South Asia (IDA & IBRD),2010,49.93521341
South Asia (IDA & IBRD),2011,48.08777238
South Asia (IDA & IBRD),2012,46.23715913
South Asia (IDA & IBRD),2013,44.42424456
South Asia (IDA & IBRD),2014,42.6386591
South Asia (IDA & IBRD),2015,40.79925307
Sub-Saharan Africa (IDA & IBRD countries),2000,91.1651585
Sub-Saharan Africa (IDA & IBRD countries),2001,88.30951079
Sub-Saharan Africa (IDA & IBRD countries),2002,85.39256567
Sub-Saharan Africa (IDA & IBRD countries),2003,82.43401684
Sub-Saharan Africa (IDA & IBRD countries),2004,79.4555369
Sub-Saharan Africa (IDA & IBRD countries),2005,76.61488658
Sub-Saharan Africa (IDA & IBRD countries),2006,74.01580717
Sub-Saharan Africa (IDA & IBRD countries),2007,71.50004599
Sub-Saharan Africa (IDA & IBRD countries),2008,69.12364681
Sub-Saharan Africa (IDA & IBRD countries),2009,67.03926205
Sub-Saharan Africa (IDA & IBRD countries),2010,65.11333166
Sub-Saharan Africa (IDA & IBRD countries),2011,63.3175094
Sub-Saharan Africa (IDA & IBRD countries),2012,61.65274167
Sub-Saharan Africa (IDA & IBRD countries),2013,60.10598876
Sub-Saharan Africa (IDA & IBRD countries),2014,58.76580991
Sub-Saharan Africa (IDA & IBRD countries),2015,57.46829258
Trinidad and Tobago,2000,24.5
Trinidad and Tobago,2001,24.4
Trinidad and Tobago,2002,24.2
Trinidad and Tobago,2003,23.8
Trinidad and Tobago,2004,23.4
Trinidad and Tobago,2005,22.8
Trinidad and Tobago,2006,22.3
Trinidad and Tobago,2007,21.7
Trinidad and Tobago,2008,21.1
Trinidad and Tobago,2009,20.5
Trinidad and Tobago,2010,19.9
Trinidad and Tobago,2011,19.3
Trinidad and Tobago,2012,18.8
Trinidad and Tobago,2013,18.2
Trinidad and Tobago,2014,17.7
Trinidad and Tobago,2015,17.2
Tunisia,2000,24.5
Tunisia,2001,23
Tunisia,2002,21.6
Tunisia,2003,20.4
Tunisia,2004,19.4
Tunisia,2005,18.5
Tunisia,2006,17.8
Tunisia,2007,17.2
Tunisia,2008,16.7
Tunisia,2009,16.4
Tunisia,2010,16.1
Tunisia,2011,16
Tunisia,2012,15.8
Tunisia,2013,15.6
Tunisia,2014,15.4
Tunisia,2015,15.1
Turkey,2000,30.7
Turkey,2001,28.7
Turkey,2002,26.8
Turkey,2003,25
Turkey,2004,23.3
Turkey,2005,21.7
Turkey,2006,20.2
Turkey,2007,18.9
Turkey,2008,17.6
Turkey,2009,16.4
Turkey,2010,15.4
Turkey,2011,14.4
Turkey,2012,13.6
Turkey,2013,12.8
Turkey,2014,12.1
Turkey,2015,11.5
Tuvalu,2000,34.2
Tuvalu,2001,33.5
Tuvalu,2002,32.9
Tuvalu,2003,32.3
Tuvalu,2004,31.6
Tuvalu,2005,30.9
Tuvalu,2006,30.1
Tuvalu,2007,29.1
Tuvalu,2008,28.1
Tuvalu,2009,27
Tuvalu,2010,26
Tuvalu,2011,25.1
Tuvalu,2012,24.2
Tuvalu,2013,23.4
Tuvalu,2014,22.6
Tuvalu,2015,21.9
United Republic of Tanzania,2000,78.1
United Republic of Tanzania,2001,73.7
United Republic of Tanzania,2002,69.2
United Republic of Tanzania,2003,65.1
United Republic of Tanzania,2004,61.3
United Republic of Tanzania,2005,57.7
United Republic of Tanzania,2006,54.9
United Republic of Tanzania,2007,51.8
United Republic of Tanzania,2008,49.6
United Republic of Tanzania,2009,47.3
United Republic of Tanzania,2010,45.5
United Republic of Tanzania,2011,43.8
United Republic of Tanzania,2012,42.4
United Republic of Tanzania,2013,41.2
United Republic of Tanzania,2014,40.1
United Republic of Tanzania,2015,39.1
Uganda,2000,87
Uganda,2001,83.3
Uganda,2002,79.1
Uganda,2003,74.7
Uganda,2004,70.1
Uganda,2005,65.8
Uganda,2006,61.8
Uganda,2007,58.2
Uganda,2008,54.8
Uganda,2009,52.3
Uganda,2010,49.6
Uganda,2011,47
Uganda,2012,44.4
Uganda,2013,42.6
Uganda,2014,40.9
Uganda,2015,39.2
Ukraine,2000,15.8
Ukraine,2001,15.1
Ukraine,2002,14.3
Ukraine,2003,13.7
Ukraine,2004,13
Ukraine,2005,12.5
Ukraine,2006,12
Ukraine,2007,11.6
Ukraine,2008,11.1
Ukraine,2009,10.6
Ukraine,2010,10.1
Ukraine,2011,9.6
Ukraine,2012,9.1
Ukraine,2013,8.7
Ukraine,2014,8.4
Ukraine,2015,8.1
Upper middle income,2000,30.1
Upper middle income,2001,28.5
Upper middle income,2002,26.9
Upper middle income,2003,25.3
Upper middle income,2004,24.1
Upper middle income,2005,22.4
Upper middle income,2006,21.2
Upper middle income,2007,19.9
Upper middle income,2008,18.7
Upper middle income,2009,17.6
Upper middle income,2010,16.6
Upper middle income,2011,15.8
Upper middle income,2012,14.9
Upper middle income,2013,14.2
Upper middle income,2014,13.5
Upper middle income,2015,13
Uruguay,2000,14.7
Uruguay,2001,14.3
Uruguay,2002,14
Uruguay,2003,13.6
Uruguay,2004,13.1
Uruguay,2005,12.4
Uruguay,2006,11.7
Uruguay,2007,10.9
Uruguay,2008,10.2
Uruguay,2009,9.7
Uruguay,2010,9.2
Uruguay,2011,8.9
Uruguay,2012,8.6
Uruguay,2013,8.3
Uruguay,2014,7.9
Uruguay,2015,7.6
United States of America,2000,7.1
United States of America,2001,7
United States of America,2002,6.9
United States of America,2003,6.9
United States of America,2004,6.8
United States of America,2005,6.7
United States of America,2006,6.7
United States of America,2007,6.6
United States of America,2008,6.5
United States of America,2009,6.4
United States of America,2010,6.2
United States of America,2011,6.1
United States of America,2012,6
United States of America,2013,5.9
United States of America,2014,5.9
United States of America,2015,5.8
Uzbekistan,2000,51.4
Uzbekistan,2001,49.4
Uzbekistan,2002,47.1
Uzbekistan,2003,44.7
Uzbekistan,2004,42.1
Uzbekistan,2005,39.4
Uzbekistan,2006,36.7
Uzbekistan,2007,34.1
Uzbekistan,2008,31.5
Uzbekistan,2009,29
Uzbekistan,2010,26.7
Uzbekistan,2011,24.5
Uzbekistan,2012,22.5
Uzbekistan,2013,20.7
Uzbekistan,2014,19.1
Uzbekistan,2015,17.7
Saint Vincent and the Grenadines,2000,19.5
Saint Vincent and the Grenadines,2001,19.5
Saint Vincent and the Grenadines,2002,19.6
Saint Vincent and the Grenadines,2003,19.6
Saint Vincent and the Grenadines,2004,19.7
Saint Vincent and the Grenadines,2005,19.8
Saint Vincent and the Grenadines,2006,19.9
Saint Vincent and the Grenadines,2007,19.9
Saint Vincent and the Grenadines,2008,19.7
Saint Vincent and the Grenadines,2009,19.4
Saint Vincent and the Grenadines,2010,18.9
Saint Vincent and the Grenadines,2011,18.3
Saint Vincent and the Grenadines,2012,17.6
Saint Vincent and the Grenadines,2013,16.8
Saint Vincent and the Grenadines,2014,16
Saint Vincent and the Grenadines,2015,15.1
Venezuela (Bolivarian Republic of),2000,18.3
Venezuela (Bolivarian Republic of),2001,17.8
Venezuela (Bolivarian Republic of),2002,17.4
Venezuela (Bolivarian Republic of),2003,16.9
Venezuela (Bolivarian Republic of),2004,16.4
Venezuela (Bolivarian Republic of),2005,15.9
Venezuela (Bolivarian Republic of),2006,15.4
Venezuela (Bolivarian Republic of),2007,15
Venezuela (Bolivarian Republic of),2008,14.7
Venezuela (Bolivarian Republic of),2009,14.7
Venezuela (Bolivarian Republic of),2010,14.7
Venezuela (Bolivarian Republic of),2011,14.8
Venezuela (Bolivarian Republic of),2012,15
Venezuela (Bolivarian Republic of),2013,15.3
Venezuela (Bolivarian Republic of),2014,15.6
Venezuela (Bolivarian Republic of),2015,16.6
British Virgin Islands,2000,14.4
British Virgin Islands,2001,14.2
British Virgin Islands,2002,14.1
British Virgin Islands,2003,13.9
British Virgin Islands,2004,13.8
British Virgin Islands,2005,13.8
British Virgin Islands,2006,13.7
British Virgin Islands,2007,13.6
British Virgin Islands,2008,13.6
British Virgin Islands,2009,13.6
British Virgin Islands,2010,13.6
British Virgin Islands,2011,13.7
British Virgin Islands,2012,13.7
British Virgin Islands,2013,13.7
British Virgin Islands,2014,13.7
British Virgin Islands,2015,13.6
Viet Nam,2000,23.6
Viet Nam,2001,22.7
Viet Nam,2002,21.8
Viet Nam,2003,21.1
Viet Nam,2004,20.5
Viet Nam,2005,20
Viet Nam,2006,19.5
Viet Nam,2007,19.2
Viet Nam,2008,18.9
Viet Nam,2009,18.7
Viet Nam,2010,18.4
Viet Nam,2011,18.2
Viet Nam,2012,18
Viet Nam,2013,17.8
Viet Nam,2014,17.7
Viet Nam,2015,17.5
Vanuatu,2000,24.2
Vanuatu,2001,23.9
Vanuatu,2002,23.6
Vanuatu,2003,23.4
Vanuatu,2004,23.1
Vanuatu,2005,22.8
Vanuatu,2006,22.5
Vanuatu,2007,22
Vanuatu,2008,21.4
Vanuatu,2009,20.8
Vanuatu,2010,20.1
Vanuatu,2011,19.5
Vanuatu,2012,19
Vanuatu,2013,18.5
Vanuatu,2014,18.2
Vanuatu,2015,17.9
World,2000,53
World,2001,51.6
World,2002,49.9
World,2003,48.1
World,2004,46.5
World,2005,44.7
World,2006,43
World,2007,41.4
World,2008,39.9
World,2009,38.5
World,2010,37.3
World,2011,36.1
World,2012,34.7
World,2013,33.8
World,2014,32.7
World,2015,32
Samoa,2000,18.1
Samoa,2001,17.5
Samoa,2002,17.1
Samoa,2003,16.8
Samoa,2004,16.6
Samoa,2005,16.5
Samoa,2006,16.4
Samoa,2007,16.5
Samoa,2008,16.5
Samoa,2009,18.7
Samoa,2010,16.5
Samoa,2011,16.5
Samoa,2012,16.3
Samoa,2013,16.2
Samoa,2014,16
Samoa,2015,15.9
Kosovo,2000,42.6
Kosovo,2001,39
Kosovo,2002,35.7
Kosovo,2003,32.6
Kosovo,2004,29.8
Kosovo,2005,27.2
Kosovo,2006,25
Kosovo,2007,23
Kosovo,2008,21.2
Kosovo,2009,19.5
Kosovo,2010,18.1
Kosovo,2011,16.8
Kosovo,2012,15.7
Kosovo,2013,14.7
Kosovo,2014,13.8
Kosovo,2015,13
Yemen,2000,67.8
Yemen,2001,64.8
Yemen,2002,61.8
Yemen,2003,58.8
Yemen,2004,56
Yemen,2005,53.4
Yemen,2006,50.9
Yemen,2007,48.6
Yemen,2008,46.5
Yemen,2009,44.7
Yemen,2010,43
Yemen,2011,41.6
Yemen,2012,40.5
Yemen,2013,39.3
Yemen,2014,38.4
Yemen,2015,38.4
South Africa,2000,49
South Africa,2001,49.4
South Africa,2002,49.8
South Africa,2003,49.7
South Africa,2004,49.6
South Africa,2005,49.9
South Africa,2006,49.1
South Africa,2007,47.5
South Africa,2008,44
South Africa,2009,40
South Africa,2010,35.7
South Africa,2011,33.4
South Africa,2012,32
South Africa,2013,31.1
South Africa,2014,30.4
South Africa,2015,29.8
Zambia,2000,90.8
Zambia,2001,85.9
Zambia,2002,80.1
Zambia,2003,74.2
Zambia,2004,68
Zambia,2005,62.5
Zambia,2006,58.8
Zambia,2007,57
Zambia,2008,54.6
Zambia,2009,52.8
Zambia,2010,51.1
Zambia,2011,50.1
Zambia,2012,49.1
Zambia,2013,47.9
Zambia,2014,47
Zambia,2015,47.1
Zimbabwe,2000,51.2
Zimbabwe,2001,50.7
Zimbabwe,2002,50.5
Zimbabwe,2003,50.5
Zimbabwe,2004,51.6
Zimbabwe,2005,52.7
Zimbabwe,2006,54.8
Zimbabwe,2007,55.9
Zimbabwe,2008,55.6
Zimbabwe,2009,54.7
Zimbabwe,2010,52.5
Zimbabwe,2011,51.1
Zimbabwe,2012,46.8
Zimbabwe,2013,45
Zimbabwe,2014,43
Zimbabwe,2015,41.9
