Country,Year,Value
Afghanistan,2015,1154
Afghanistan,2014,492
Afghanistan,2013,430
Afghanistan,2012,2787
Afghanistan,2011,3013
Afghanistan,2010,1989
Afghanistan,2009,2861
Afghanistan,2008,1599
Afghanistan,2007,1141
Afghanistan,2006,1990
Afghanistan,2005,1296
Afghanistan,2004,466
Afghanistan,2003,798
Afghanistan,2002,2486
Afghanistan,2001,8762
Afghanistan,2000,6532
Albania,2013,0
Albania,2012,9
Albania,2011,28
Albania,2010,10
Albania,2009,0
Albania,2007,22
Albania,2006,68
Albania,2005,6
Albania,2004,7
Albania,2003,8
Albania,2002,16
Albania,2001,18
Albania,2000,662
Algeria,2015,63
Algeria,2014,0
Algeria,2013,25
Algeria,2012,18
Algeria,2011,112
Algeria,2010,103
Algeria,2009,107
Algeria,2008,217
Algeria,2007,0
Algeria,2006,944
Algeria,2005,2302
Algeria,2004,3289
Algeria,2003,15374
Algeria,2002,5862
Algeria,2001,2686
American Samoa,2008,0
American Samoa,2007,0
American Samoa,2005,0
American Samoa,2004,0
American Samoa,2001,0
American Samoa,2000,1
Andorra,2015,0
Andorra,2014,0
Andorra,2013,0
Andorra,2012,0
Andorra,2011,0
Andorra,2010,0
Andorra,2009,0
Andorra,2008,0
Andorra,2007,0
Andorra,2006,0
Andorra,2005,0
Andorra,2004,0
Andorra,2003,0
Andorra,2002,1
Andorra,2001,5
Andorra,2000,2
Angola,2015,119
Angola,2014,11699
Angola,2013,8523
Angola,2012,4458
Angola,2011,1449
Angola,2010,1190
Angola,2009,2807
Angola,2008,265
Angola,2007,1014
Angola,2006,765
Angola,2005,258
Angola,2004,29
Angola,2003,1196
Angola,2002,11945
Angola,2001,9046
Angola,2000,2219
Anguilla,2003,0
Anguilla,2001,0
Anguilla,2000,0
Antigua and Barbuda,2015,0
Antigua and Barbuda,2014,0
Antigua and Barbuda,2013,0
Antigua and Barbuda,2012,0
Antigua and Barbuda,2011,0
Antigua and Barbuda,2010,0
Antigua and Barbuda,2009,0
Antigua and Barbuda,2008,0
Antigua and Barbuda,2007,0
Antigua and Barbuda,2006,0
Antigua and Barbuda,2005,0
Antigua and Barbuda,2004,0
Antigua and Barbuda,2003,0
Antigua and Barbuda,2002,0
Antigua and Barbuda,2001,0
Antigua and Barbuda,2000,0
Argentina,2015,0
Argentina,2014,1
Argentina,2013,0
Argentina,2012,2
Argentina,2011,3
Argentina,2010,17
Argentina,2009,3
Argentina,2008,0
Argentina,2007,0
Argentina,2006,0
Argentina,2005,0
Argentina,2004,0
Argentina,2003,0
Argentina,2002,0
Argentina,2001,0
Argentina,2000,6
Armenia,2015,33
Armenia,2014,13
Armenia,2013,10
Armenia,2012,0
Armenia,2011,0
Armenia,2010,2
Armenia,2009,0
Armenia,2008,0
Armenia,2007,1
Armenia,2006,137
Armenia,2005,2281
Armenia,2004,1783
Armenia,2003,4
Armenia,2002,40
Armenia,2001,69
Armenia,2000,15
Australia,2015,74
Australia,2014,340
Australia,2013,158
Australia,2012,199
Australia,2011,190
Australia,2010,70
Australia,2009,104
Australia,2008,65
Australia,2007,11
Australia,2005,10
Australia,2004,70
Australia,2003,91
Australia,2002,32
Australia,2001,141
Australia,2000,108
Austria,2015,309
Austria,2014,117
Austria,2012,36
Austria,2011,68
Austria,2010,52
Austria,2009,49
Austria,2008,448
Austria,2007,20
Austria,2006,23
Austria,2005,9
Austria,2004,15
Austria,2003,90
Austria,2001,0
Azerbaijan,2015,0
Azerbaijan,2014,0
Azerbaijan,2013,164
Azerbaijan,2012,0
Azerbaijan,2011,0
Azerbaijan,2010,0
Azerbaijan,2008,5
Azerbaijan,2007,0
Azerbaijan,2006,222
Azerbaijan,2005,1238
Azerbaijan,2004,827
Azerbaijan,2003,1978
Azerbaijan,2002,4353
Azerbaijan,2001,574
Azerbaijan,2000,210
Bahamas,2015,0
Bahamas,2014,0
Bahamas,2013,0
Bahamas,2012,0
Bahamas,2011,0
Bahamas,2010,0
Bahamas,2009,0
Bahamas,2008,0
Bahamas,2007,0
Bahamas,2006,0
Bahamas,2005,0
Bahamas,2004,0
Bahamas,2003,0
Bahamas,2002,0
Bahamas,2001,0
Bahamas,2000,0
Bahrain,2015,0
Bahrain,2014,46
Bahrain,2012,0
Bahrain,2011,0
Bahrain,2010,0
Bahrain,2009,3
Bahrain,2008,2
Bahrain,2007,7
Bahrain,2006,3
Bahrain,2005,4
Bahrain,2004,11
Bahrain,2003,12
Bahrain,2002,8
Bahrain,2001,5
Bahrain,2000,6
Bangladesh,2015,240
Bangladesh,2014,289
Bangladesh,2013,237
Bangladesh,2012,1986
Bangladesh,2011,5625
Bangladesh,2010,788
Bangladesh,2009,718
Bangladesh,2008,2660
Bangladesh,2007,2924
Bangladesh,2006,6192
Bangladesh,2005,25934
Bangladesh,2004,9743
Bangladesh,2003,4067
Bangladesh,2002,3484
Bangladesh,2001,4414
Bangladesh,2000,5098
Barbados,2015,0
Barbados,2014,0
Barbados,2013,0
Barbados,2012,0
Barbados,2011,0
Barbados,2010,0
Barbados,2009,0
Barbados,2008,0
Barbados,2007,0
Barbados,2006,0
Barbados,2005,0
Barbados,2004,0
Barbados,2003,0
Barbados,2002,0
Barbados,2001,0
Barbados,2000,0
Belarus,2015,2
Belarus,2014,64
Belarus,2013,16
Belarus,2012,10
Belarus,2011,50
Belarus,2010,1
Belarus,2009,0
Belarus,2008,0
Belarus,2007,1
Belarus,2006,149
Belarus,2005,1
Belarus,2004,2
Belarus,2003,21
Belarus,2002,14
Belarus,2001,45
Belarus,2000,21
Belgium,2015,47
Belgium,2014,70
Belgium,2013,39
Belgium,2012,109
Belgium,2011,576
Belgium,2010,40
Belgium,2009,33
Belgium,2008,98
Belgium,2007,64
Belgium,2006,15
Belgium,2005,26
Belgium,2004,61
Belgium,2003,44
Belgium,2001,83
Belize,2015,0
Belize,2014,0
Belize,2013,0
Belize,2012,0
Belize,2011,0
Belize,2010,0
Belize,2009,0
Belize,2008,0
Belize,2007,0
Belize,2006,0
Belize,2005,0
Belize,2004,0
Belize,2003,0
Belize,2002,0
Belize,2001,0
Belize,2000,0
Benin,2015,55
Benin,2014,786
Benin,2013,637
Benin,2012,288
Benin,2011,426
Benin,2010,392
Benin,2009,1461
Benin,2008,928
Benin,2007,341
Benin,2006,176
Benin,2005,210
Benin,2004,262
Benin,2003,217
Benin,2002,1588
Benin,2001,5859
Benin,2000,4244
Bermuda,2004,0
Bermuda,2002,0
Bermuda,2001,0
Bermuda,2000,0
Bhutan,2015,11
Bhutan,2014,0
Bhutan,2013,0
Bhutan,2012,1
Bhutan,2011,10
Bhutan,2010,21
Bhutan,2009,6
Bhutan,2008,7
Bhutan,2007,11
Bhutan,2006,2
Bhutan,2005,11
Bhutan,2004,3
Bhutan,2003,0
Bhutan,2002,27
Bhutan,2001,756
Bhutan,2000,418
Bolivia (Plurinational State of),2015,0
Bolivia (Plurinational State of),2014,0
Bolivia (Plurinational State of),2013,0
Bolivia (Plurinational State of),2012,0
Bolivia (Plurinational State of),2011,0
Bolivia (Plurinational State of),2010,0
Bolivia (Plurinational State of),2009,0
Bolivia (Plurinational State of),2008,0
Bolivia (Plurinational State of),2007,0
Bolivia (Plurinational State of),2006,0
Bolivia (Plurinational State of),2005,0
Bolivia (Plurinational State of),2004,0
Bolivia (Plurinational State of),2003,0
Bolivia (Plurinational State of),2002,0
Bolivia (Plurinational State of),2001,0
Bolivia (Plurinational State of),2000,122
Bosnia and Herzegovina,2015,1677
Bosnia and Herzegovina,2014,3000
Bosnia and Herzegovina,2012,22
Bosnia and Herzegovina,2011,10
Bosnia and Herzegovina,2010,45
Bosnia and Herzegovina,2009,22
Bosnia and Herzegovina,2008,8
Bosnia and Herzegovina,2007,166
Bosnia and Herzegovina,2006,17
Bosnia and Herzegovina,2005,23
Bosnia and Herzegovina,2004,28
Bosnia and Herzegovina,2003,18
Bosnia and Herzegovina,2002,28
Bosnia and Herzegovina,2000,43
Botswana,2015,0
Botswana,2014,1
Botswana,2013,1
Botswana,2012,7
Botswana,2011,8
Botswana,2010,853
Botswana,2009,184
Botswana,2008,0
Botswana,2007,1
Botswana,2006,6
Botswana,2005,5
Botswana,2004,1
Botswana,2003,59
Botswana,2002,7
Botswana,2001,1
Botswana,2000,2672
Brazil,2015,214
Brazil,2014,876
Brazil,2013,220
Brazil,2012,2
Brazil,2011,43
Brazil,2010,68
Brazil,2009,0
Brazil,2008,0
Brazil,2007,0
Brazil,2006,57
Brazil,2005,6
Brazil,2004,0
Brazil,2003,2
Brazil,2002,1
Brazil,2001,1
Brazil,2000,36
British Virgin Islands,2003,0
British Virgin Islands,2002,0
British Virgin Islands,2001,0
British Virgin Islands,2000,0
Brunei Darussalam,2015,4
Brunei Darussalam,2014,1
Brunei Darussalam,2012,1
Brunei Darussalam,2011,4
Brunei Darussalam,2010,0
Brunei Darussalam,2009,2
Brunei Darussalam,2008,3
Brunei Darussalam,2005,9
Brunei Darussalam,2004,16
Brunei Darussalam,2003,24
Brunei Darussalam,2001,11
Brunei Darussalam,2000,42
Bulgaria,2015,0
Bulgaria,2014,0
Bulgaria,2013,14
Bulgaria,2012,1
Bulgaria,2011,157
Bulgaria,2010,22004
Bulgaria,2009,2249
Bulgaria,2008,1
Bulgaria,2007,1
Bulgaria,2006,1
Bulgaria,2005,3
Bulgaria,2004,0
Bulgaria,2003,0
Bulgaria,2002,0
Bulgaria,2001,8
Bulgaria,2000,46
Burkina Faso,2015,99
Burkina Faso,2014,343
Burkina Faso,2013,375
Burkina Faso,2012,7362
Burkina Faso,2011,860
Burkina Faso,2010,2511
Burkina Faso,2009,54118
Burkina Faso,2008,395
Burkina Faso,2007,12
Burkina Faso,2006,125
Burkina Faso,2005,253
Burkina Faso,2004,77
Burkina Faso,2003,2946
Burkina Faso,2002,1744
Burkina Faso,2001,4174
Burkina Faso,2000,6074
Burundi,2015,9
Burundi,2014,0
Burundi,2013,0
Burundi,2012,49
Burundi,2011,129
Burundi,2010,495
Burundi,2009,305
Burundi,2008,173
Burundi,2007,43
Burundi,2006,784
Burundi,2005,0
Burundi,2004,2
Burundi,2003,224
Burundi,2002,1016
Burundi,2000,18363
Cote d'Ivoire,2015,65
Cote d'Ivoire,2014,50
Cote d'Ivoire,2013,48
Cote d'Ivoire,2012,137
Cote d'Ivoire,2011,628
Cote d'Ivoire,2010,441
Cote d'Ivoire,2009,183
Cote d'Ivoire,2008,12
Cote d'Ivoire,2007,5
Cote d'Ivoire,2006,11
Cote d'Ivoire,2005,115
Cote d'Ivoire,2004,3466
Cote d'Ivoire,2003,4770
Cote d'Ivoire,2002,5882
Cote d'Ivoire,2001,5790
Cote d'Ivoire,2000,5729
Cabo Verde,2015,0
Cabo Verde,2014,0
Cabo Verde,2013,0
Cabo Verde,2012,0
Cabo Verde,2011,0
Cabo Verde,2010,0
Cabo Verde,2009,0
Cabo Verde,2008,0
Cabo Verde,2007,0
Cabo Verde,2006,0
Cabo Verde,2005,0
Cabo Verde,2004,0
Cabo Verde,2003,0
Cabo Verde,2002,0
Cabo Verde,2001,0
Cabo Verde,2000,2
Cambodia,2015,0
Cambodia,2014,0
Cambodia,2013,0
Cambodia,2012,15
Cambodia,2011,722
Cambodia,2010,1156
Cambodia,2009,4779
Cambodia,2008,4211
Cambodia,2007,394
Cambodia,2006,188
Cambodia,2005,264
Cambodia,2004,352
Cambodia,2003,653
Cambodia,2002,1361
Cambodia,2001,3761
Cambodia,2000,12237
Cameroon,2015,1809
Cameroon,2014,831
Cameroon,2013,760
Cameroon,2012,609
Cameroon,2011,504
Cameroon,2010,240
Cameroon,2009,251
Cameroon,2008,495
Cameroon,2007,100
Cameroon,2006,196
Cameroon,2005,605
Cameroon,2004,358
Cameroon,2003,899
Cameroon,2002,1448
Cameroon,2001,23934
Cameroon,2000,14629
Canada,2015,195
Canada,2014,418
Canada,2013,83
Canada,2012,10
Canada,2011,803
Canada,2010,99
Canada,2009,14
Canada,2008,62
Canada,2007,101
Canada,2006,13
Canada,2005,6
Canada,2004,7
Canada,2003,15
Canada,2002,6
Canada,2001,34
Canada,2000,206
Cayman Islands,2003,0
Cayman Islands,2002,0
Cayman Islands,2001,0
Cayman Islands,2000,0
Central African Republic,2015,150
Central African Republic,2014,210
Central African Republic,2013,596
Central African Republic,2012,141
Central African Republic,2011,679
Central African Republic,2010,2
Central African Republic,2009,11
Central African Republic,2008,12
Central African Republic,2007,49
Central African Republic,2006,3
Central African Republic,2005,471
Central African Republic,2004,1233
Central African Republic,2003,652
Central African Republic,2002,938
Central African Republic,2001,2837
Central African Republic,2000,3207
Chad,2015,418
Chad,2014,1275
Chad,2013,226
Chad,2012,120
Chad,2011,8650
Chad,2010,194
Chad,2009,165
Chad,2008,63
Chad,2007,441
Chad,2006,1594
Chad,2005,2
Chad,2004,10324
Chad,2003,15801
Chad,2002,7277
Chad,2001,24908
Chad,2000,3546
Chile,2015,9
Chile,2014,0
Chile,2013,0
Chile,2012,0
Chile,2011,6
Chile,2010,0
Chile,2009,1
Chile,2008,0
Chile,2007,0
Chile,2006,0
Chile,2005,0
Chile,2004,0
Chile,2003,1
Chile,2002,0
Chile,2001,0
Chile,2000,0
China,2015,42361
China,2014,52628
China,2013,26883
China,2012,6183
China,2011,9943
China,2010,38159
China,2009,52461
China,2008,131441
China,2007,109023
China,2006,99602
China,2005,124219
China,2004,70549
China,2003,71879
China,2002,58341
China,2001,88962
China,2000,71093
"China, Hong Kong Special Administrative Region",2015,18
"China, Hong Kong Special Administrative Region",2013,8
"China, Hong Kong Special Administrative Region",2012,8
"China, Hong Kong Special Administrative Region",2011,13
"China, Hong Kong Special Administrative Region",2010,13
"China, Hong Kong Special Administrative Region",2009,22
"China, Hong Kong Special Administrative Region",2008,69
"China, Hong Kong Special Administrative Region",2007,88
"China, Hong Kong Special Administrative Region",2003,33
"China, Hong Kong Special Administrative Region",2001,179
"China, Hong Kong Special Administrative Region",2000,60
"China, Macao Special Administrative Region",2015,0
"China, Macao Special Administrative Region",2013,1
"China, Macao Special Administrative Region",2012,1
"China, Macao Special Administrative Region",2011,1
"China, Macao Special Administrative Region",2009,0
"China, Macao Special Administrative Region",2008,4
"China, Macao Special Administrative Region",2007,0
"China, Macao Special Administrative Region",2005,0
"China, Macao Special Administrative Region",2004,0
"China, Macao Special Administrative Region",2003,3
"China, Macao Special Administrative Region",2001,3
"China, Macao Special Administrative Region",2000,5
Colombia,2015,1
Colombia,2014,0
Colombia,2013,1
Colombia,2012,1
Colombia,2011,6
Colombia,2010,0
Colombia,2009,0
Colombia,2008,0
Colombia,2007,0
Colombia,2006,0
Colombia,2005,0
Colombia,2004,0
Colombia,2003,0
Colombia,2002,139
Colombia,2001,3
Colombia,2000,1
Comoros,2015,0
Comoros,2014,0
Comoros,2013,0
Comoros,2012,1
Comoros,2011,3
Comoros,2010,0
Comoros,2009,1
Comoros,2008,0
Comoros,2007,0
Comoros,2006,85
Comoros,2005,912
Comoros,2004,0
Comoros,2003,0
Comoros,2002,0
"Congo, Rep.",2015,1359
"Congo, Rep.",2014,71
"Congo, Rep.",2013,124
"Congo, Rep.",2012,260
"Congo, Rep.",2011,315
"Congo, Rep.",2010,4
"Congo, Rep.",2009,1
"Congo, Rep.",2008,2
"Congo, Rep.",2007,84
"Congo, Rep.",2006,126
"Congo, Rep.",2005,146
"Congo, Rep.",2004,3524
"Congo, Rep.",2003,3712
"Congo, Rep.",2002,2788
"Congo, Rep.",2001,2152
"Congo, Rep.",2000,1678
Cook Islands,2012,0
Cook Islands,2011,0
Cook Islands,2010,0
Cook Islands,2009,0
Cook Islands,2008,0
Cook Islands,2007,1
Cook Islands,2006,6
Cook Islands,2005,0
Cook Islands,2004,0
Cook Islands,2003,17
Cook Islands,2002,0
Cook Islands,2001,0
Cook Islands,2000,2
Costa Rica,2015,0
Costa Rica,2014,1
Costa Rica,2013,0
Costa Rica,2012,0
Costa Rica,2011,0
Costa Rica,2010,0
Costa Rica,2009,0
Costa Rica,2008,0
Costa Rica,2007,0
Costa Rica,2005,1
Costa Rica,2004,0
Costa Rica,2003,1
Costa Rica,2002,0
Costa Rica,2001,0
Costa Rica,2000,0
Croatia,2015,206
Croatia,2013,0
Croatia,2012,2
Croatia,2011,12
Croatia,2010,7
Croatia,2009,2
Croatia,2008,51
Croatia,2007,0
Croatia,2006,1
Croatia,2005,2
Croatia,2004,54
Croatia,2003,19
Croatia,2002,6
Croatia,2001,8
Croatia,2000,9
Cuba,2015,0
Cuba,2014,0
Cuba,2012,0
Cuba,2011,0
Cuba,2010,0
Cuba,2009,0
Cuba,2008,0
Cuba,2007,0
Cuba,2006,0
Cuba,2005,0
Cuba,2004,0
Cuba,2003,0
Cuba,2002,0
Cuba,2001,0
Cuba,2000,0
Cyprus,2015,0
Cyprus,2014,10
Cyprus,2013,0
Cyprus,2012,1
Cyprus,2011,0
Cyprus,2010,18
Cyprus,2009,0
Cyprus,2008,1
Cyprus,2007,0
Cyprus,2006,0
Cyprus,2005,1
Cyprus,2004,0
Cyprus,2003,0
Cyprus,2002,0
Cyprus,2000,0
Czechia,2015,9
Czechia,2014,222
Czechia,2013,15
Czechia,2012,22
Czechia,2011,17
Czechia,2010,0
Czechia,2009,5
Czechia,2008,2
Czechia,2007,2
Czechia,2006,7
Czechia,2005,0
Czechia,2004,17
Czechia,2003,30
Czechia,2002,4
Czechia,2001,6
Czechia,2000,9
Democratic People's Republic of Korea,2015,0
Democratic People's Republic of Korea,2014,3
Democratic People's Republic of Korea,2013,0
Democratic People's Republic of Korea,2012,0
Democratic People's Republic of Korea,2011,0
Democratic People's Republic of Korea,2010,0
Democratic People's Republic of Korea,2009,0
Democratic People's Republic of Korea,2008,8
Democratic People's Republic of Korea,2007,3550
Democratic People's Republic of Korea,2006,0
Democratic People's Republic of Korea,2005,0
Democratic People's Republic of Korea,2004,0
Democratic People's Republic of Korea,2003,0
Democratic People's Republic of Korea,2002,0
Democratic People's Republic of Korea,2001,0
Democratic Republic of the Congo,2015,5020
Democratic Republic of the Congo,2014,33711
Democratic Republic of the Congo,2013,88381
Democratic Republic of the Congo,2012,72029
Democratic Republic of the Congo,2011,133802
Democratic Republic of the Congo,2010,5407
Democratic Republic of the Congo,2009,57
Democratic Republic of the Congo,2008,12461
Democratic Republic of the Congo,2007,55577
Democratic Republic of the Congo,2006,80123
Democratic Republic of the Congo,2005,182485
Democratic Republic of the Congo,2004,44934
Democratic Republic of the Congo,2003,21956
Democratic Republic of the Congo,2002,30466
Democratic Republic of the Congo,2001,8072
Democratic Republic of the Congo,2000,8282
Denmark,2015,9
Denmark,2014,27
Denmark,2013,17
Denmark,2012,2
Denmark,2011,84
Denmark,2010,5
Denmark,2009,6
Denmark,2008,14
Denmark,2007,2
Denmark,2006,27
Denmark,2005,2
Denmark,2004,0
Denmark,2003,0
Denmark,2002,32
Denmark,2001,11
Denmark,2000,14
Djibouti,2015,47
Djibouti,2013,28
Djibouti,2012,709
Djibouti,2011,49
Djibouti,2010,7
Djibouti,2009,48
Djibouti,2008,143
Djibouti,2007,24
Djibouti,2006,49
Djibouti,2005,298
Djibouti,2004,71
Djibouti,2003,37
Djibouti,2002,50
Djibouti,2001,79
Djibouti,2000,183
Dominica,2015,0
Dominica,2014,0
Dominica,2013,0
Dominica,2012,0
Dominica,2011,0
Dominica,2010,0
Dominica,2009,0
Dominica,2008,0
Dominica,2007,0
Dominica,2006,0
Dominica,2005,0
Dominica,2004,0
Dominica,2003,0
Dominica,2002,0
Dominica,2001,0
Dominica,2000,0
Dominican Republic,2015,0
Dominican Republic,2014,0
Dominican Republic,2013,0
Dominican Republic,2012,0
Dominican Republic,2011,2
Dominican Republic,2010,0
Dominican Republic,2009,0
Dominican Republic,2008,0
Dominican Republic,2007,0
Dominican Republic,2006,0
Dominican Republic,2005,0
Dominican Republic,2004,0
Dominican Republic,2003,0
Dominican Republic,2002,0
Dominican Republic,2001,113
Dominican Republic,2000,253
Ecuador,2015,0
Ecuador,2014,0
Ecuador,2013,0
Ecuador,2012,72
Ecuador,2011,257
Ecuador,2010,0
Ecuador,2009,0
Ecuador,2008,1
Ecuador,2007,0
Ecuador,2006,0
Ecuador,2005,0
Ecuador,2004,0
Ecuador,2003,0
Ecuador,2002,0
Ecuador,2001,2
Ecuador,2000,0
Egypt,2015,5432
Egypt,2014,1314
Egypt,2013,405
Egypt,2012,245
Egypt,2011,26
Egypt,2010,16
Egypt,2009,608
Egypt,2008,668
Egypt,2007,1684
Egypt,2006,953
Egypt,2005,77
Egypt,2004,80
Egypt,2003,164
Egypt,2002,653
Egypt,2001,2150
Egypt,2000,2633
El Salvador,2014,0
El Salvador,2013,0
El Salvador,2012,0
El Salvador,2011,0
El Salvador,2010,0
El Salvador,2009,0
El Salvador,2008,0
El Salvador,2007,0
El Salvador,2006,0
El Salvador,2005,0
El Salvador,2004,0
El Salvador,2003,0
El Salvador,2002,0
El Salvador,2001,2
El Salvador,2000,0
Equatorial Guinea,2015,1250
Equatorial Guinea,2014,13
Equatorial Guinea,2013,321
Equatorial Guinea,2012,1190
Equatorial Guinea,2011,0
Equatorial Guinea,2010,0
Equatorial Guinea,2009,78
Equatorial Guinea,2008,436
Equatorial Guinea,2007,5
Equatorial Guinea,2006,0
Equatorial Guinea,2004,38
Equatorial Guinea,2003,18
Equatorial Guinea,2002,24
Equatorial Guinea,2001,1339
Eritrea,2015,198
Eritrea,2014,127
Eritrea,2013,45
Eritrea,2012,194
Eritrea,2011,48
Eritrea,2010,51
Eritrea,2009,82
Eritrea,2008,0
Eritrea,2007,55
Eritrea,2006,128
Eritrea,2005,19
Eritrea,2004,24
Eritrea,2003,376
Eritrea,2002,460
Eritrea,2001,204
Eritrea,2000,789
Estonia,2015,4
Estonia,2014,0
Estonia,2013,2
Estonia,2012,4
Estonia,2011,7
Estonia,2010,0
Estonia,2009,0
Estonia,2008,0
Estonia,2007,1
Estonia,2006,27
Estonia,2005,2
Estonia,2004,0
Estonia,2003,0
Estonia,2002,0
Estonia,2001,0
Estonia,2000,9
Swaziland,2015,0
Swaziland,2014,0
Swaziland,2013,0
Swaziland,2012,0
Swaziland,2011,0
Swaziland,2010,313
Swaziland,2009,26
Swaziland,2008,1
Swaziland,2007,0
Swaziland,2006,0
Swaziland,2005,0
Swaziland,2004,0
Swaziland,2003,350
Swaziland,2002,37
Swaziland,2001,49
Swaziland,2000,10
Ethiopia,2015,17745
Ethiopia,2014,12739
Ethiopia,2013,5253
Ethiopia,2012,4347
Ethiopia,2011,3255
Ethiopia,2010,4235
Ethiopia,2009,1176
Ethiopia,2008,3511
Ethiopia,2007,1446
Ethiopia,2006,1451
Ethiopia,2005,357
Ethiopia,2004,73
Ethiopia,2003,228
Ethiopia,2002,3332
Ethiopia,2001,2366
Ethiopia,2000,1660
Fiji,2012,0
Fiji,2010,0
Fiji,2009,1
Fiji,2008,0
Fiji,2007,0
Fiji,2006,136
Fiji,2004,37
Fiji,2003,305
Fiji,2002,304
Fiji,2001,17
Finland,2015,2
Finland,2013,2
Finland,2011,27
Finland,2010,5
Finland,2009,2
Finland,2008,5
Finland,2007,0
Finland,2006,0
Finland,2005,1
Finland,2004,0
Finland,2003,0
Finland,2002,0
Finland,2001,1
France,2015,157
France,2014,267
France,2013,272
France,2011,14949
France,2010,5048
France,2009,1541
France,2008,604
France,2007,39
France,2006,40
France,2005,36
France,2004,4448
France,2002,5185
France,2000,10000
French Polynesia,2011,0
French Polynesia,2010,0
French Polynesia,2009,0
French Polynesia,2008,0
French Polynesia,2007,0
French Polynesia,2001,3
Gabon,2015,27
Gabon,2014,33
Gabon,2013,122
Gabon,2012,2
Gabon,2011,2
Gabon,2010,1
Gabon,2009,0
Gabon,2008,3
Gabon,2007,0
Gabon,2006,90
Gabon,2005,0
Gabon,2004,63
Gabon,2002,110
Gabon,2001,5129
Gabon,2000,15
Gambia,2015,71
Gambia,2014,1
Gambia,2013,0
Gambia,2012,0
Gambia,2011,0
Gambia,2010,2
Gambia,2009,0
Gambia,2008,0
Gambia,2007,0
Gambia,2006,0
Gambia,2005,0
Gambia,2004,0
Gambia,2003,119
Gambia,2002,32
Gambia,2001,99
Gambia,2000,336
Georgia,2015,431
Georgia,2014,3188
Georgia,2013,7872
Georgia,2012,31
Georgia,2011,64
Georgia,2010,22
Georgia,2009,23
Georgia,2008,56
Georgia,2007,44
Georgia,2006,334
Georgia,2005,1356
Georgia,2004,6847
Georgia,2003,216
Georgia,2002,199
Georgia,2001,35
Georgia,2000,50
Germany,2015,2464
Germany,2014,443
Germany,2013,1771
Germany,2012,166
Germany,2011,1607
Germany,2010,780
Germany,2009,574
Germany,2008,917
Germany,2007,567
Germany,2006,2307
Germany,2005,778
Germany,2004,121
Germany,2003,779
Germany,2002,4657
Germany,2001,6024
Ghana,2015,23
Ghana,2014,124
Ghana,2013,319
Ghana,2012,1613
Ghana,2011,120
Ghana,2010,641
Ghana,2009,101
Ghana,2008,82
Ghana,2007,6
Ghana,2006,420
Ghana,2005,435
Ghana,2004,60
Ghana,2003,1939
Ghana,2002,12289
Ghana,2001,13476
Ghana,2000,23068
Greece,2015,1
Greece,2014,1
Greece,2013,3
Greece,2012,3
Greece,2011,40
Greece,2010,149
Greece,2009,2
Greece,2008,1
Greece,2007,2
Greece,2005,122
Greece,2004,1
Greece,2002,5
Greece,2001,12
Greece,2000,56
Grenada,2015,0
Grenada,2014,0
Grenada,2013,0
Grenada,2012,0
Grenada,2011,0
Grenada,2010,0
Grenada,2009,0
Grenada,2008,0
Grenada,2007,0
Grenada,2006,0
Grenada,2005,0
Grenada,2004,0
Grenada,2003,0
Grenada,2002,0
Grenada,2001,0
Grenada,2000,0
Guam,2015,0
Guam,2013,0
Guam,2012,0
Guam,2011,1
Guam,2010,0
Guam,2009,0
Guam,2008,0
Guam,2007,0
Guam,2005,0
Guam,2004,2
Guam,2003,7
Guam,2001,0
Guam,2000,0
Guatemala,2015,0
Guatemala,2014,0
Guatemala,2013,0
Guatemala,2012,0
Guatemala,2011,0
Guatemala,2010,0
Guatemala,2009,0
Guatemala,2008,0
Guatemala,2007,0
Guatemala,2006,0
Guatemala,2005,0
Guatemala,2004,0
Guatemala,2003,0
Guatemala,2002,0
Guatemala,2001,0
Guatemala,2000,0
Guinea,2015,243
Guinea,2014,175
Guinea,2013,53
Guinea,2012,6
Guinea,2011,11
Guinea,2010,45
Guinea,2009,264
Guinea,2008,89
Guinea,2007,3
Guinea,2006,4
Guinea,2005,99
Guinea,2004,10
Guinea,2003,2497
Guinea,2002,2151
Guinea,2001,7408
Guinea,2000,11294
Guinea-Bissau,2015,153
Guinea-Bissau,2014,1
Guinea-Bissau,2013,0
Guinea-Bissau,2012,0
Guinea-Bissau,2011,0
Guinea-Bissau,2010,26
Guinea-Bissau,2009,0
Guinea-Bissau,2008,12
Guinea-Bissau,2007,1
Guinea-Bissau,2006,0
Guinea-Bissau,2005,0
Guinea-Bissau,2004,3526
Guinea-Bissau,2003,1158
Guinea-Bissau,2002,298
Guinea-Bissau,2001,126
Guyana,2015,0
Guyana,2014,0
Guyana,2013,0
Guyana,2012,0
Guyana,2011,0
Guyana,2010,0
Guyana,2009,0
Guyana,2008,0
Guyana,2007,0
Guyana,2006,0
Guyana,2005,0
Guyana,2004,0
Guyana,2003,0
Guyana,2002,0
Guyana,2001,0
Guyana,2000,0
Haiti,2015,0
Haiti,2014,0
Haiti,2013,0
Haiti,2012,0
Haiti,2011,0
Haiti,2010,0
Haiti,2009,0
Haiti,2008,0
Haiti,2007,0
Haiti,2006,0
Haiti,2005,0
Haiti,2004,0
Haiti,2003,0
Haiti,2002,0
Haiti,2001,159
Haiti,2000,992
Honduras,2015,0
Honduras,2014,0
Honduras,2013,0
Honduras,2012,0
Honduras,2011,0
Honduras,2010,0
Honduras,2009,0
Honduras,2008,0
Honduras,2007,0
Honduras,2006,0
Honduras,2005,0
Honduras,2004,0
Honduras,2003,0
Honduras,2002,0
Honduras,2001,0
Honduras,2000,0
Hungary,2015,0
Hungary,2014,0
Hungary,2013,1
Hungary,2012,2
Hungary,2011,5
Hungary,2010,0
Hungary,2009,1
Hungary,2008,0
Hungary,2007,0
Hungary,2006,1
Hungary,2005,2
Hungary,2004,0
Hungary,2003,0
Hungary,2002,0
Hungary,2001,20
Hungary,2000,1
Iceland,2015,0
Iceland,2014,0
Iceland,2013,0
Iceland,2012,0
Iceland,2011,0
Iceland,2010,0
Iceland,2009,0
Iceland,2008,0
Iceland,2007,0
Iceland,2006,0
Iceland,2005,0
Iceland,2004,0
Iceland,2003,0
Iceland,2001,0
Iceland,2000,0
India,2015,30168
India,2014,26530
India,2013,8285
India,2012,3305
India,2011,33634
India,2010,31458
India,2009,56188
India,2008,44258
India,2007,41144
India,2006,64185
India,2005,36711
India,2004,55443
India,2003,47147
India,2002,40044
India,2001,51780
India,2000,38835
Indonesia,2015,15099
Indonesia,2014,12943
Indonesia,2013,8419
Indonesia,2012,15489
Indonesia,2011,21893
Indonesia,2010,18869
Indonesia,2009,20818
Indonesia,2008,15369
Indonesia,2007,19456
Indonesia,2006,20422
Indonesia,2005,15853
Indonesia,2004,29171
Indonesia,2003,24457
Indonesia,2002,14492
Indonesia,2001,3825
Indonesia,2000,3344
Iran (Islamic Republic of),2015,615
Iran (Islamic Republic of),2014,99
Iran (Islamic Republic of),2013,189
Iran (Islamic Republic of),2012,332
Iran (Islamic Republic of),2011,73
Iran (Islamic Republic of),2010,538
Iran (Islamic Republic of),2009,262
Iran (Islamic Republic of),2008,127
Iran (Islamic Republic of),2007,133
Iran (Islamic Republic of),2006,220
Iran (Islamic Republic of),2005,7
Iran (Islamic Republic of),2004,3
Iran (Islamic Republic of),2003,11644
Iran (Islamic Republic of),2002,9554
Iran (Islamic Republic of),2001,9582
Iran (Islamic Republic of),2000,11874
Iraq,2015,1433
Iraq,2014,1317
Iraq,2013,669
Iraq,2012,15
Iraq,2011,15
Iraq,2010,492
Iraq,2009,30328
Iraq,2008,5494
Iraq,2007,230
Iraq,2006,474
Iraq,2005,908
Iraq,2004,9081
Iraq,2001,4088
Iraq,2000,726
Ireland,2015,4
Ireland,2014,33
Ireland,2013,51
Ireland,2012,107
Ireland,2011,285
Ireland,2010,443
Ireland,2009,164
Ireland,2008,57
Ireland,2007,64
Ireland,2006,87
Ireland,2005,95
Ireland,2004,334
Ireland,2003,584
Ireland,2002,243
Ireland,2001,241
Israel,2015,80
Israel,2014,6
Israel,2013,50
Israel,2012,211
Israel,2011,70
Israel,2010,23
Israel,2009,5
Israel,2008,931
Israel,2007,539
Israel,2006,9
Israel,2005,2
Israel,2004,116
Israel,2003,124
Israel,2002,2
Israel,2001,19
Israel,2000,36
Italy,2015,159
Italy,2012,376
Italy,2011,5189
Italy,2010,372
Italy,2009,351
Italy,2008,1617
Italy,2007,321
Italy,2006,439
Italy,2005,135
Italy,2004,599
Italy,2003,10982
Italy,2002,9385
Italy,2000,1457
Jamaica,2015,0
Jamaica,2014,0
Jamaica,2013,0
Jamaica,2012,0
Jamaica,2011,1
Jamaica,2010,0
Jamaica,2009,0
Jamaica,2008,2
Jamaica,2007,0
Jamaica,2006,0
Jamaica,2005,0
Jamaica,2004,0
Jamaica,2003,0
Jamaica,2002,0
Jamaica,2001,0
Jamaica,2000,0
Japan,2015,35
Japan,2014,462
Japan,2013,229
Japan,2012,228
Japan,2011,434
Japan,2010,450
Japan,2009,741
Japan,2008,11015
Japan,2006,520
Japan,2004,8752
Japan,2003,8286
Japan,2002,33812
Japan,2001,22552
Japan,2000,22497
Jordan,2015,0
Jordan,2014,20
Jordan,2013,120
Jordan,2012,3
Jordan,2011,0
Jordan,2010,0
Jordan,2009,0
Jordan,2008,2
Jordan,2007,41
Jordan,2006,1
Jordan,2005,28
Jordan,2004,21
Jordan,2003,76
Jordan,2002,19
Jordan,2001,61
Jordan,2000,32
Kazakhstan,2015,526
Kazakhstan,2014,321
Kazakhstan,2013,73
Kazakhstan,2012,55
Kazakhstan,2011,127
Kazakhstan,2010,4
Kazakhstan,2009,0
Kazakhstan,2008,20
Kazakhstan,2007,13
Kazakhstan,2006,109
Kazakhstan,2005,16118
Kazakhstan,2004,2204
Kazakhstan,2003,24
Kazakhstan,2002,18
Kazakhstan,2001,94
Kazakhstan,2000,245
Kenya,2015,95
Kenya,2014,354
Kenya,2013,190
Kenya,2011,2395
Kenya,2010,95
Kenya,2009,1218
Kenya,2008,1282
Kenya,2007,1516
Kenya,2006,1847
Kenya,2005,153
Kenya,2004,20
Kenya,2003,65
Kenya,2002,766
Kenya,2001,11304
Kenya,2000,21002
Kiribati,2014,0
Kiribati,2013,0
Kiribati,2012,0
Kiribati,2011,0
Kiribati,2010,0
Kiribati,2009,0
Kiribati,2008,0
Kiribati,2007,0
Kiribati,2005,0
Kiribati,2004,0
Kiribati,2002,0
Kiribati,2001,0
Kiribati,2000,0
Kuwait,2015,18
Kuwait,2014,55
Kuwait,2013,62
Kuwait,2012,27
Kuwait,2011,32
Kuwait,2010,13
Kuwait,2005,10
Kuwait,2004,23
Kuwait,2000,6
Kyrgyzstan,2015,17779
Kyrgyzstan,2014,318
Kyrgyzstan,2013,1
Kyrgyzstan,2012,0
Kyrgyzstan,2011,222
Kyrgyzstan,2010,0
Kyrgyzstan,2009,1
Kyrgyzstan,2008,16
Kyrgyzstan,2007,40
Kyrgyzstan,2006,27
Kyrgyzstan,2005,53
Kyrgyzstan,2004,8
Kyrgyzstan,2003,6
Kyrgyzstan,2002,2
Kyrgyzstan,2001,17
Kyrgyzstan,2000,16
Lao People's Democratic Republic,2015,56
Lao People's Democratic Republic,2014,339
Lao People's Democratic Republic,2013,71
Lao People's Democratic Republic,2012,32
Lao People's Democratic Republic,2011,113
Lao People's Democratic Republic,2010,153
Lao People's Democratic Republic,2009,78
Lao People's Democratic Republic,2008,174
Lao People's Democratic Republic,2007,1678
Lao People's Democratic Republic,2006,58
Lao People's Democratic Republic,2005,295
Lao People's Democratic Republic,2004,1491
Lao People's Democratic Republic,2003,1810
Lao People's Democratic Republic,2002,2070
Lao People's Democratic Republic,2001,94
Lao People's Democratic Republic,2000,332
Latvia,2015,0
Latvia,2014,36
Latvia,2013,0
Latvia,2012,3
Latvia,2011,1
Latvia,2010,0
Latvia,2009,0
Latvia,2008,3
Latvia,2007,0
Latvia,2006,7
Latvia,2005,2
Latvia,2004,0
Latvia,2001,1
Latvia,2000,0
Lebanon,2015,39
Lebanon,2014,112
Lebanon,2013,1761
Lebanon,2012,9
Lebanon,2011,9
Lebanon,2010,12
Lebanon,2009,22
Lebanon,2008,24
Lebanon,2007,373
Lebanon,2006,956
Lebanon,2005,618
Lebanon,2004,213
Lebanon,2003,526
Lebanon,2002,36
Lebanon,2001,8
Lebanon,2000,5
Lesotho,2015,0
Lesotho,2014,0
Lesotho,2013,516
Lesotho,2012,179
Lesotho,2011,172
Lesotho,2010,2488
Lesotho,2009,0
Lesotho,2008,0
Lesotho,2007,2
Lesotho,2006,1
Lesotho,2004,31
Lesotho,2003,1
Lesotho,2002,0
Lesotho,2001,217
Lesotho,2000,660
Liberia,2015,1060
Liberia,2014,34
Liberia,2013,0
Liberia,2012,43
Liberia,2011,279
Liberia,2010,2200
Liberia,2009,6
Liberia,2008,1
Liberia,2007,1
Liberia,2006,20
Liberia,2005,8
Liberia,2004,4
Liberia,2003,142
Liberia,2002,131
Liberia,2001,1379
Liberia,2000,5977
Libya,2015,82
Libya,2014,372
Libya,2012,320
Libya,2009,329
Libya,2008,8
Libya,2007,59
Libya,2006,1
Libya,2005,292
Libya,2004,2771
Libya,2002,3890
Libya,2001,633
Lithuania,2015,50
Lithuania,2014,11
Lithuania,2013,35
Lithuania,2012,0
Lithuania,2011,7
Lithuania,2010,2
Lithuania,2009,0
Lithuania,2008,1
Lithuania,2007,0
Lithuania,2006,1
Lithuania,2005,1
Lithuania,2004,1
Lithuania,2003,1
Lithuania,2002,103
Lithuania,2001,7
Lithuania,2000,19
Luxembourg,2015,0
Luxembourg,2013,0
Luxembourg,2012,2
Luxembourg,2011,6
Luxembourg,2010,0
Luxembourg,2009,0
Luxembourg,2008,1
Luxembourg,2007,0
Luxembourg,2006,8
Luxembourg,2004,0
Luxembourg,2003,1
Luxembourg,2000,0
Madagascar,2015,3
Madagascar,2014,3
Madagascar,2013,6
Madagascar,2012,2
Madagascar,2011,0
Madagascar,2010,1
Madagascar,2009,0
Madagascar,2008,3
Madagascar,2007,0
Madagascar,2006,2
Madagascar,2004,35558
Madagascar,2003,62233
Madagascar,2002,10795
Madagascar,2001,9357
Madagascar,2000,35256
Malawi,2015,0
Malawi,2014,3
Malawi,2013,1
Malawi,2012,11
Malawi,2011,26
Malawi,2010,118712
Malawi,2009,21
Malawi,2008,20
Malawi,2007,143
Malawi,2006,1
Malawi,2005,184
Malawi,2004,1116
Malawi,2003,167
Malawi,2002,92
Malawi,2001,150
Malawi,2000,304
Malaysia,2015,1318
Malaysia,2014,221
Malaysia,2013,195
Malaysia,2012,1868
Malaysia,2011,1569
Malaysia,2010,73
Malaysia,2009,153
Malaysia,2008,334
Malaysia,2007,394
Malaysia,2006,564
Malaysia,2005,1407
Malaysia,2004,5729
Malaysia,2003,632
Malaysia,2002,408
Malaysia,2001,2198
Malaysia,2000,6187
Maldives,2015,0
Maldives,2014,0
Maldives,2013,0
Maldives,2012,0
Maldives,2011,0
Maldives,2010,0
Maldives,2009,6
Maldives,2008,0
Maldives,2007,20
Maldives,2006,47
Maldives,2005,1395
Maldives,2004,37
Maldives,2003,75
Maldives,2002,926
Maldives,2001,0
Maldives,2000,20
Mali,2015,215
Mali,2014,290
Mali,2013,221
Mali,2012,341
Mali,2011,24
Mali,2010,1719
Mali,2009,2939
Mali,2008,98
Mali,2007,2
Mali,2006,128
Mali,2005,33
Mali,2004,172
Mali,2003,232
Mali,2002,717
Mali,2001,4464
Mali,2000,1578
Malta,2015,2
Malta,2014,0
Malta,2011,3
Malta,2010,0
Malta,2009,1
Malta,2008,1
Malta,2007,2
Malta,2006,1
Malta,2005,6
Malta,2004,4
Malta,2003,4
Malta,2002,7
Malta,2001,2
Malta,2000,2
Marshall Islands,2012,0
Marshall Islands,2011,0
Marshall Islands,2010,0
Marshall Islands,2009,0
Marshall Islands,2007,0
Marshall Islands,2006,0
Marshall Islands,2005,0
Marshall Islands,2004,0
Marshall Islands,2003,1127
Marshall Islands,2002,0
Marshall Islands,2001,0
Marshall Islands,2000,0
Mauritania,2015,1
Mauritania,2014,14
Mauritania,2013,62
Mauritania,2012,35
Mauritania,2011,234
Mauritania,2010,1292
Mauritania,2009,322
Mauritania,2008,4
Mauritania,2007,11
Mauritania,2006,22
Mauritania,2005,127
Mauritania,2004,5039
Mauritania,2003,3611
Mauritania,2002,883
Mauritania,2001,1398
Mauritius,2014,0
Mauritius,2013,0
Mauritius,2012,0
Mauritius,2011,2
Mauritius,2010,12
Mauritius,2009,15
Mauritius,2008,12
Mauritius,2007,13
Mauritius,2006,3
Mauritius,2005,7
Mauritius,2004,28
Mauritius,2003,777
Mauritius,2001,0
Mauritius,2000,0
Mexico,2015,0
Mexico,2014,3
Mexico,2013,0
Mexico,2012,0
Mexico,2011,3
Mexico,2010,0
Mexico,2009,0
Mexico,2008,0
Mexico,2007,0
Mexico,2006,23
Mexico,2005,6
Mexico,2004,64
Mexico,2003,44
Mexico,2002,0
Mexico,2001,3
Mexico,2000,30
Micronesia (Federated States of),2015,0
Micronesia (Federated States of),2014,140
Micronesia (Federated States of),2013,0
Micronesia (Federated States of),2012,0
Micronesia (Federated States of),2011,0
Micronesia (Federated States of),2009,0
Micronesia (Federated States of),2007,0
Micronesia (Federated States of),2006,0
Micronesia (Federated States of),2005,0
Micronesia (Federated States of),2004,0
Micronesia (Federated States of),2003,0
Micronesia (Federated States of),2001,0
Micronesia (Federated States of),2000,0
Monaco,2012,5
Monaco,2003,0
Mongolia,2015,20359
Mongolia,2014,0
Mongolia,2013,0
Mongolia,2012,0
Mongolia,2011,0
Mongolia,2010,7
Mongolia,2009,8
Mongolia,2008,31
Mongolia,2007,12
Mongolia,2006,26
Mongolia,2005,0
Mongolia,2004,0
Mongolia,2003,18
Mongolia,2002,1205
Mongolia,2001,10677
Mongolia,2000,925
Montenegro,2013,0
Montenegro,2012,0
Montenegro,2011,5
Montenegro,2010,5
Montenegro,2009,0
Montenegro,2008,0
Montenegro,2007,0
Montenegro,2006,0
Montserrat,2002,0
Montserrat,2001,0
Morocco,2015,17
Morocco,2014,10
Morocco,2013,92
Morocco,2012,668
Morocco,2011,982
Morocco,2010,633
Morocco,2009,834
Morocco,2008,1455
Morocco,2007,2248
Morocco,2006,1217
Morocco,2004,6399
Morocco,2003,10841
Morocco,2002,6000
Morocco,2001,2724
Morocco,2000,7368
Mozambique,2015,79
Mozambique,2014,9
Mozambique,2013,8
Mozambique,2012,145
Mozambique,2011,177
Mozambique,2010,2321
Mozambique,2009,60
Mozambique,2008,4
Mozambique,2007,267
Mozambique,2006,183
Mozambique,2005,12598
Mozambique,2004,9396
Mozambique,2003,28898
Mozambique,2002,7155
Mozambique,2001,7085
Mozambique,2000,7375
Myanmar,2015,6
Myanmar,2014,122
Myanmar,2013,1010
Myanmar,2012,2175
Myanmar,2011,2046
Myanmar,2010,190
Myanmar,2009,329
Myanmar,2008,333
Myanmar,2007,1088
Myanmar,2006,760
Myanmar,2005,314
Myanmar,2004,1329
Myanmar,2003,830
Myanmar,2002,736
Myanmar,2001,2519
Myanmar,2000,845
Namibia,2015,212
Namibia,2014,477
Namibia,2013,1028
Namibia,2012,86
Namibia,2011,79
Namibia,2010,3138
Namibia,2009,4076
Namibia,2008,0
Namibia,2007,21
Namibia,2006,3
Namibia,2005,4
Namibia,2004,4
Namibia,2003,262
Namibia,2002,1278
Namibia,2001,416
Namibia,2000,469
Nauru,2012,11
Nauru,2011,0
Nauru,2009,0
Nauru,2008,0
Nauru,2007,0
Nauru,2006,0
Nauru,2005,0
Nauru,2004,0
Nauru,2002,0
Nauru,2001,0
Nauru,2000,0
Nepal,2015,1599
Nepal,2014,1279
Nepal,2013,1861
Nepal,2012,3362
Nepal,2011,2359
Nepal,2010,190
Nepal,2009,189
Nepal,2008,2089
Nepal,2007,1415
Nepal,2006,2838
Nepal,2005,5023
Nepal,2004,12074
Nepal,2003,13344
Nepal,2002,6749
Nepal,2001,10849
Nepal,2000,9397
Netherlands,2015,7
Netherlands,2014,140
Netherlands,2013,2632
Netherlands,2012,10
Netherlands,2011,51
Netherlands,2010,15
Netherlands,2009,15
Netherlands,2008,109
Netherlands,2007,10
Netherlands,2006,1
Netherlands,2005,4
Netherlands,2004,11
Netherlands,2003,4
Netherlands,2002,3
Netherlands,2000,1019
New Caledonia,2013,0
New Caledonia,2012,0
New Caledonia,2011,0
New Caledonia,2010,0
New Caledonia,2009,0
New Caledonia,2008,0
New Caledonia,2007,0
New Caledonia,2005,0
New Caledonia,2003,0
New Caledonia,2001,0
New Caledonia,2000,0
New Zealand,2015,10
New Zealand,2014,280
New Zealand,2013,8
New Zealand,2012,68
New Zealand,2011,597
New Zealand,2010,43
New Zealand,2009,198
New Zealand,2007,25
New Zealand,2006,20
New Zealand,2005,20
New Zealand,2004,33
New Zealand,2003,66
New Zealand,2002,21
New Zealand,2001,65
New Zealand,2000,65
Nicaragua,2015,0
Nicaragua,2014,0
Nicaragua,2013,0
Nicaragua,2012,0
Nicaragua,2011,0
Nicaragua,2010,0
Nicaragua,2009,0
Nicaragua,2008,0
Nicaragua,2007,0
Nicaragua,2006,0
Nicaragua,2005,0
Nicaragua,2004,0
Nicaragua,2003,0
Nicaragua,2002,0
Nicaragua,2001,0
Nicaragua,2000,0
Niger,2015,7693
Niger,2014,1142
Niger,2013,1224
Niger,2012,272
Niger,2011,771
Niger,2010,372
Niger,2009,801
Niger,2008,1317
Niger,2007,282
Niger,2006,59
Niger,2005,2183
Niger,2004,63057
Niger,2003,54190
Niger,2002,31584
Niger,2001,61208
Niger,2000,21319
Nigeria,2015,12423
Nigeria,2014,6855
Nigeria,2013,52852
Nigeria,2012,6447
Nigeria,2011,18843
Nigeria,2010,8491
Nigeria,2009,1272
Nigeria,2008,9960
Nigeria,2007,2613
Nigeria,2006,704
Nigeria,2005,110927
Nigeria,2004,31521
Nigeria,2003,141258
Nigeria,2002,42007
Nigeria,2001,168107
Nigeria,2000,212183
Niue,2013,0
Niue,2012,0
Niue,2011,0
Niue,2010,0
Niue,2009,0
Niue,2008,0
Niue,2007,0
Niue,2005,0
Niue,2004,0
Niue,2003,0
Niue,2002,0
Niue,2001,0
Niue,2000,0
North Macedonia,2015,1
North Macedonia,2014,116
North Macedonia,2013,4
North Macedonia,2012,7
North Macedonia,2011,701
North Macedonia,2010,217
North Macedonia,2009,5
North Macedonia,2008,27
North Macedonia,2007,1
North Macedonia,2006,3
North Macedonia,2005,5
North Macedonia,2004,9
North Macedonia,2003,18
North Macedonia,2002,19
North Macedonia,2001,27
North Macedonia,2000,36
Northern Mariana Islands,2011,0
Northern Mariana Islands,2010,0
Northern Mariana Islands,2009,0
Northern Mariana Islands,2008,0
Northern Mariana Islands,2007,0
Northern Mariana Islands,2005,0
Northern Mariana Islands,2004,0
Northern Mariana Islands,2003,0
Northern Mariana Islands,2000,0
Norway,2015,14
Norway,2014,3
Norway,2013,8
Norway,2012,4
Norway,2011,39
Norway,2010,3
Norway,2009,2
Norway,2008,4
Norway,2006,0
Norway,2005,0
Norway,2004,7
Norway,2003,8
Norway,2002,5
Norway,2001,4
Norway,2000,0
"occupied Palestinian territory, including east Jerusalem",2010,1
"occupied Palestinian territory, including east Jerusalem",2000,5
Oman,2015,0
Oman,2013,0
Oman,2012,13
Oman,2011,5
Oman,2010,3
Oman,2009,19
Oman,2008,18
Oman,2007,24
Oman,2006,13
Oman,2005,25
Oman,2004,18
Oman,2003,1
Oman,2002,5
Oman,2001,15
Oman,2000,15
Pakistan,2015,386
Pakistan,2014,1370
Pakistan,2013,8749
Pakistan,2012,8046
Pakistan,2011,4386
Pakistan,2010,4321
Pakistan,2009,863
Pakistan,2008,1129
Pakistan,2007,2801
Pakistan,2006,7641
Pakistan,2005,2981
Pakistan,2004,4248
Pakistan,2003,4740
Pakistan,2002,3903
Pakistan,2001,3849
Pakistan,2000,2064
Palau,2015,0
Palau,2014,0
Palau,2013,0
Palau,2012,0
Palau,2011,0
Palau,2010,0
Palau,2009,0
Palau,2008,0
Palau,2007,0
Palau,2006,0
Palau,2005,0
Palau,2004,0
Palau,2002,0
Palau,2000,0
Panama,2015,0
Panama,2014,0
Panama,2013,0
Panama,2012,0
Panama,2011,4
Panama,2010,0
Panama,2009,0
Panama,2008,0
Panama,2007,0
Panama,2006,0
Panama,2005,0
Panama,2004,0
Panama,2003,0
Panama,2002,0
Panama,2001,0
Panama,2000,0
Papua New Guinea,2015,38
Papua New Guinea,2014,2299
Papua New Guinea,2013,12
Papua New Guinea,2012,0
Papua New Guinea,2011,0
Papua New Guinea,2010,0
Papua New Guinea,2009,0
Papua New Guinea,2008,0
Papua New Guinea,2007,0
Papua New Guinea,2006,1
Papua New Guinea,2005,1222
Papua New Guinea,2004,1385
Papua New Guinea,2003,3863
Papua New Guinea,2002,17620
Papua New Guinea,2001,4023
Papua New Guinea,2000,7135
Paraguay,2015,0
Paraguay,2014,0
Paraguay,2013,0
Paraguay,2012,0
Paraguay,2011,0
Paraguay,2010,0
Paraguay,2009,0
Paraguay,2008,0
Paraguay,2007,0
Paraguay,2006,0
Paraguay,2005,0
Paraguay,2004,0
Paraguay,2003,0
Paraguay,2002,0
Paraguay,2001,0
Paraguay,2000,0
Peru,2015,4
Peru,2014,0
Peru,2013,0
Peru,2012,0
Peru,2011,0
Peru,2010,0
Peru,2009,0
Peru,2008,1
Peru,2007,0
Peru,2006,0
Peru,2005,0
Peru,2004,0
Peru,2003,0
Peru,2002,0
Peru,2001,0
Peru,2000,1
Philippines,2015,619
Philippines,2014,58848
Philippines,2013,2920
Philippines,2012,1536
Philippines,2011,6538
Philippines,2010,6368
Philippines,2009,1469
Philippines,2008,341
Philippines,2007,530
Philippines,2006,9
Philippines,2005,118
Philippines,2004,3025
Philippines,2003,10511
Philippines,2002,7003
Philippines,2001,7360
Philippines,2000,7120
Poland,2013,84
Poland,2012,71
Poland,2010,13
Poland,2009,115
Poland,2007,40
Poland,2006,120
Poland,2005,13
Poland,2004,11
Poland,2003,48
Poland,2002,34
Poland,2001,133
Poland,2000,77
Portugal,2015,0
Portugal,2013,1
Portugal,2012,23
Portugal,2011,2
Portugal,2010,5
Portugal,2009,3
Portugal,2008,1
Portugal,2007,0
Portugal,2006,0
Portugal,2005,7
Portugal,2004,5
Portugal,2003,8
Portugal,2002,8
Portugal,2000,45
Qatar,2015,18
Qatar,2014,46
Qatar,2013,73
Qatar,2012,160
Qatar,2011,101
Qatar,2010,295
Qatar,2009,112
Qatar,2007,361
Qatar,2006,144
Qatar,2005,74
Qatar,2004,29
Qatar,2003,24
Qatar,2002,34
Qatar,2001,23
Qatar,2000,46
Republic of Korea,2015,7
Republic of Korea,2014,442
Republic of Korea,2013,107
Republic of Korea,2012,2
Republic of Korea,2011,42
Republic of Korea,2010,114
Republic of Korea,2009,17
Republic of Korea,2008,2
Republic of Korea,2007,194
Republic of Korea,2006,28
Republic of Korea,2005,7
Republic of Korea,2004,11
Republic of Korea,2003,33
Republic of Korea,2002,62
Republic of Korea,2001,23060
Republic of Korea,2000,32647
Republic of Moldova,2015,0
Republic of Moldova,2014,2
Republic of Moldova,2013,27
Republic of Moldova,2012,11
Republic of Moldova,2011,0
Republic of Moldova,2010,0
Republic of Moldova,2009,0
Republic of Moldova,2008,0
Republic of Moldova,2007,10
Republic of Moldova,2006,34
Republic of Moldova,2005,6
Republic of Moldova,2004,4
Republic of Moldova,2003,87
Republic of Moldova,2002,4929
Republic of Moldova,2001,457
Republic of Moldova,2000,687
Romania,2015,4
Romania,2014,59
Romania,2013,1159
Romania,2012,7450
Romania,2011,4189
Romania,2010,193
Romania,2009,8
Romania,2008,12
Romania,2007,353
Romania,2006,3196
Romania,2005,5043
Romania,2004,117
Romania,2003,9
Romania,2002,14
Romania,2001,10
Romania,2000,35
Russian Federation,2015,843
Russian Federation,2014,4711
Russian Federation,2013,2339
Russian Federation,2012,2123
Russian Federation,2011,629
Russian Federation,2010,129
Russian Federation,2009,101
Russian Federation,2008,27
Russian Federation,2007,173
Russian Federation,2006,1147
Russian Federation,2005,454
Russian Federation,2004,2444
Russian Federation,2003,3291
Russian Federation,2002,580
Russian Federation,2001,2072
Russian Federation,2000,4800
Rwanda,2015,1
Rwanda,2014,10
Rwanda,2013,17
Rwanda,2012,75
Rwanda,2011,31
Rwanda,2010,121
Rwanda,2009,5
Rwanda,2008,6
Rwanda,2007,26
Rwanda,2006,494
Rwanda,2005,129
Rwanda,2004,386
Rwanda,2003,1064
Rwanda,2002,2738
Rwanda,2001,896
Rwanda,2000,2095
Saint Kitts and Nevis,2015,0
Saint Kitts and Nevis,2014,0
Saint Kitts and Nevis,2013,0
Saint Kitts and Nevis,2012,0
Saint Kitts and Nevis,2011,0
Saint Kitts and Nevis,2010,0
Saint Kitts and Nevis,2009,0
Saint Kitts and Nevis,2008,0
Saint Kitts and Nevis,2007,0
Saint Kitts and Nevis,2006,0
Saint Kitts and Nevis,2005,0
Saint Kitts and Nevis,2004,0
Saint Kitts and Nevis,2003,0
Saint Kitts and Nevis,2002,0
Saint Kitts and Nevis,2001,0
Saint Kitts and Nevis,2000,0
Saint Lucia,2015,0
Saint Lucia,2014,0
Saint Lucia,2013,0
Saint Lucia,2012,0
Saint Lucia,2011,0
Saint Lucia,2010,0
Saint Lucia,2009,0
Saint Lucia,2008,0
Saint Lucia,2007,0
Saint Lucia,2006,0
Saint Lucia,2005,0
Saint Lucia,2004,0
Saint Lucia,2003,0
Saint Lucia,2002,0
Saint Lucia,2001,0
Saint Lucia,2000,0
Saint Vincent and the Grenadines,2015,0
Saint Vincent and the Grenadines,2014,0
Saint Vincent and the Grenadines,2013,0
Saint Vincent and the Grenadines,2012,0
Saint Vincent and the Grenadines,2011,0
Saint Vincent and the Grenadines,2010,0
Saint Vincent and the Grenadines,2009,0
Saint Vincent and the Grenadines,2008,0
Saint Vincent and the Grenadines,2007,0
Saint Vincent and the Grenadines,2006,0
Saint Vincent and the Grenadines,2005,0
Saint Vincent and the Grenadines,2004,0
Saint Vincent and the Grenadines,2003,0
Saint Vincent and the Grenadines,2002,0
Saint Vincent and the Grenadines,2001,0
Saint Vincent and the Grenadines,2000,0
Samoa,2012,1
Samoa,2011,0
Samoa,2010,8
Samoa,2009,0
Samoa,2006,0
Samoa,2005,0
Samoa,2004,0
Samoa,2003,0
San Marino,2012,1
San Marino,2011,0
San Marino,2010,0
San Marino,2009,0
San Marino,2007,0
San Marino,2006,0
San Marino,2005,0
San Marino,2004,0
San Marino,2003,3
San Marino,2000,1
Sao Tome and Principe,2015,3
Sao Tome and Principe,2014,0
Sao Tome and Principe,2013,0
Sao Tome and Principe,2012,0
Sao Tome and Principe,2011,0
Sao Tome and Principe,2010,0
Sao Tome and Principe,2009,0
Sao Tome and Principe,2008,0
Sao Tome and Principe,2007,0
Sao Tome and Principe,2006,0
Sao Tome and Principe,2005,0
Sao Tome and Principe,2004,0
Sao Tome and Principe,2003,0
Sao Tome and Principe,2002,0
Sao Tome and Principe,2001,0
Sao Tome and Principe,2000,0
Saudi Arabia,2015,219
Saudi Arabia,2014,154
Saudi Arabia,2013,1164
Saudi Arabia,2012,294
Saudi Arabia,2011,362
Saudi Arabia,2010,334
Saudi Arabia,2009,82
Saudi Arabia,2008,158
Saudi Arabia,2007,4648
Saudi Arabia,2006,807
Saudi Arabia,2005,373
Saudi Arabia,2004,1880
Saudi Arabia,2003,1208
Saudi Arabia,2002,311
Saudi Arabia,2001,155
Senegal,2015,58
Senegal,2014,32
Senegal,2013,17
Senegal,2012,46
Senegal,2011,18
Senegal,2010,428
Senegal,2009,999
Senegal,2008,6
Senegal,2007,11
Senegal,2006,3
Senegal,2005,0
Senegal,2004,31
Senegal,2003,1519
Senegal,2002,18184
Senegal,2001,24789
Senegal,2000,5839
Serbia,2015,383
Serbia,2014,37
Serbia,2013,1
Serbia,2012,0
Serbia,2011,370
Serbia,2010,20
Serbia,2009,1
Serbia,2008,2
Serbia,2007,201
Serbia,2006,2
Serbia,2005,2
Serbia,2004,11
Serbia,2003,15
Serbia,2002,63
Serbia,2001,35
Serbia,2000,38
Seychelles,2015,0
Seychelles,2014,0
Seychelles,2013,0
Seychelles,2012,0
Seychelles,2011,0
Seychelles,2010,0
Seychelles,2009,0
Seychelles,2008,0
Seychelles,2007,1
Seychelles,2006,10
Seychelles,2005,0
Seychelles,2004,0
Seychelles,2003,0
Seychelles,2002,0
Seychelles,2001,0
Sierra Leone,2015,607
Sierra Leone,2014,1006
Sierra Leone,2013,15
Sierra Leone,2012,678
Sierra Leone,2011,1865
Sierra Leone,2010,1089
Sierra Leone,2009,31
Sierra Leone,2008,44
Sierra Leone,2007,0
Sierra Leone,2006,33
Sierra Leone,2005,29
Sierra Leone,2004,7
Sierra Leone,2003,586
Sierra Leone,2002,568
Sierra Leone,2001,649
Sierra Leone,2000,3575
Singapore,2013,138
Singapore,2012,42
Singapore,2011,148
Singapore,2010,50
Singapore,2009,16
Singapore,2008,18
Singapore,2007,15
Singapore,2006,23
Singapore,2005,33
Singapore,2004,96
Singapore,2003,33
Singapore,2002,211
Singapore,2001,408
Singapore,2000,141
Slovakia,2015,1
Slovakia,2014,0
Slovakia,2013,0
Slovakia,2012,0
Slovakia,2011,0
Slovakia,2010,0
Slovakia,2009,0
Slovakia,2008,0
Slovakia,2007,0
Slovakia,2006,0
Slovakia,2005,0
Slovakia,2004,2
Slovakia,2003,1
Slovakia,2002,0
Slovakia,2001,0
Slovakia,2000,0
Slovenia,2015,18
Slovenia,2014,52
Slovenia,2013,1
Slovenia,2012,2
Slovenia,2011,22
Slovenia,2010,2
Slovenia,2009,0
Slovenia,2008,0
Slovenia,2007,0
Slovenia,2006,0
Slovenia,2005,0
Slovenia,2004,0
Slovenia,2003,0
Slovenia,2002,0
Slovenia,2001,0
Solomon Islands,2015,0
Solomon Islands,2013,0
Solomon Islands,2012,0
Solomon Islands,2011,0
Solomon Islands,2010,0
Solomon Islands,2009,0
Solomon Islands,2008,0
Solomon Islands,2007,0
Solomon Islands,2006,0
Solomon Islands,2005,0
Solomon Islands,2004,0
Solomon Islands,2003,0
Solomon Islands,2002,0
Solomon Islands,2001,0
Somalia,2015,7497
Somalia,2014,10229
Somalia,2013,3173
Somalia,2012,9983
Somalia,2011,17298
Somalia,2010,115
Somalia,2009,13
Somalia,2008,1081
Somalia,2007,1149
Somalia,2006,7
Somalia,2004,12008
Somalia,2003,8257
Somalia,2002,9559
Somalia,2001,3571
Somalia,2000,3965
South Africa,2015,17
South Africa,2014,66
South Africa,2013,25
South Africa,2012,32
South Africa,2011,92
South Africa,2010,12499
South Africa,2009,5857
South Africa,2008,39
South Africa,2007,31
South Africa,2006,81
South Africa,2005,615
South Africa,2004,830
South Africa,2003,244
South Africa,2002,1043
South Africa,2001,1166
South Africa,2000,1459
South Sudan,2015,878
South Sudan,2014,441
South Sudan,2013,525
South Sudan,2012,1952
South Sudan,2011,1256
Spain,2015,115
Spain,2014,154
Spain,2013,131
Spain,2012,1204
Spain,2011,3802
Spain,2010,302
Spain,2009,41
Spain,2008,297
Spain,2007,267
Spain,2006,362
Spain,2005,22
Spain,2004,26
Spain,2003,256
Spain,2002,67
Spain,2000,152
Sri Lanka,2015,1568
Sri Lanka,2014,1686
Sri Lanka,2013,2107
Sri Lanka,2012,51
Sri Lanka,2011,60
Sri Lanka,2010,79
Sri Lanka,2009,21
Sri Lanka,2008,33
Sri Lanka,2007,44
Sri Lanka,2006,0
Sri Lanka,2005,3
Sri Lanka,2004,35
Sri Lanka,2003,65
Sri Lanka,2002,139
Sri Lanka,2001,309
Sri Lanka,2000,16527
Sudan,2015,3585
Sudan,2014,676
Sudan,2013,2813
Sudan,2012,8523
Sudan,2011,5616
Sudan,2010,680
Sudan,2009,68
Sudan,2008,129
Sudan,2007,327
Sudan,2006,228
Sudan,2005,1374
Sudan,2004,9562
Sudan,2003,4381
Sudan,2002,4529
Sudan,2001,4362
Sudan,2000,2875
Suriname,2015,0
Suriname,2014,0
Suriname,2013,0
Suriname,2012,0
Suriname,2011,0
Suriname,2010,0
Suriname,2009,0
Suriname,2008,0
Suriname,2007,0
Suriname,2006,0
Suriname,2005,0
Suriname,2004,0
Suriname,2003,0
Suriname,2002,0
Suriname,2001,0
Suriname,2000,0
Sweden,2015,22
Sweden,2014,26
Sweden,2013,51
Sweden,2012,30
Sweden,2011,26
Sweden,2010,6
Sweden,2009,3
Sweden,2008,25
Sweden,2007,1
Sweden,2006,19
Sweden,2005,13
Sweden,2004,5
Sweden,2003,3
Sweden,2002,9
Sweden,2001,5
Sweden,2000,59
Switzerland,2015,35
Switzerland,2014,23
Switzerland,2013,175
Switzerland,2012,61
Switzerland,2011,621
Switzerland,2010,77
Switzerland,2009,958
Switzerland,2008,2022
Switzerland,2007,1015
Switzerland,2005,60
Switzerland,2004,39
Switzerland,2003,574
Switzerland,2001,700
Syrian Arab Republic,2015,45
Syrian Arab Republic,2014,594
Syrian Arab Republic,2013,740
Syrian Arab Republic,2012,13
Syrian Arab Republic,2011,13
Syrian Arab Republic,2010,26
Syrian Arab Republic,2009,22
Syrian Arab Republic,2008,19
Syrian Arab Republic,2007,403
Syrian Arab Republic,2006,517
Syrian Arab Republic,2005,375
Syrian Arab Republic,2004,189
Syrian Arab Republic,2003,801
Syrian Arab Republic,2002,538
Syrian Arab Republic,2001,290
Syrian Arab Republic,2000,146
Turkey,2015,342
Turkey,2014,565
Turkey,2013,7405
Turkey,2012,349
Turkey,2011,111
Turkey,2010,7
Turkey,2009,4
Turkey,2008,0
Turkey,2007,3
Turkey,2006,34
Turkey,2005,6200
Turkey,2004,8927
Turkey,2003,5844
Turkey,2002,7823
Turkey,2001,30509
Turkey,2000,16244
Tajikistan,2015,3
Tajikistan,2014,0
Tajikistan,2013,1
Tajikistan,2012,16
Tajikistan,2011,1
Tajikistan,2010,0
Tajikistan,2009,0
Tajikistan,2008,0
Tajikistan,2007,2
Tajikistan,2006,3
Tajikistan,2004,4
Tajikistan,2003,2144
Tajikistan,2002,927
Tajikistan,2001,38
Tajikistan,2000,192
Thailand,2015,154
Thailand,2013,2641
Thailand,2012,5197
Thailand,2011,3156
Thailand,2010,2583
Thailand,2009,6071
Thailand,2008,7790
Thailand,2007,3893
Thailand,2006,3588
Thailand,2005,3526
Thailand,2004,4165
Thailand,2003,4519
Thailand,2002,10315
Thailand,2001,7319
Thailand,2000,4074
Timor-Leste,2015,43
Timor-Leste,2014,47
Timor-Leste,2013,4
Timor-Leste,2012,16
Timor-Leste,2011,763
Timor-Leste,2010,50
Timor-Leste,2009,10
Timor-Leste,2008,0
Timor-Leste,2007,0
Timor-Leste,2006,90
Timor-Leste,2005,203
Timor-Leste,2004,41
Timor-Leste,2003,94
Timor-Leste,2002,0
Togo,2015,20
Togo,2014,577
Togo,2013,564
Togo,2012,238
Togo,2011,187
Togo,2010,120
Togo,2009,425
Togo,2008,187
Togo,2007,8
Togo,2006,26
Togo,2005,38
Togo,2004,61
Togo,2003,295
Togo,2002,363
Togo,2001,1833
Togo,2000,3578
Tokelau,2011,0
Tokelau,2010,0
Tokelau,2009,0
Tokelau,2005,0
Tokelau,2004,0
Tokelau,2003,0
Tokelau,2001,0
Tokelau,2000,0
Tonga,2013,0
Tonga,2012,0
Tonga,2011,0
Tonga,2010,0
Tonga,2009,0
Tonga,2008,0
Tonga,2007,0
Tonga,2006,0
Tonga,2005,0
Tonga,2004,0
Tonga,2003,0
Tonga,2002,0
Tonga,2001,4
Tonga,2000,0
Trinidad and Tobago,2015,0
Trinidad and Tobago,2014,0
Trinidad and Tobago,2013,0
Trinidad and Tobago,2012,0
Trinidad and Tobago,2011,0
Trinidad and Tobago,2010,0
Trinidad and Tobago,2009,0
Trinidad and Tobago,2008,0
Trinidad and Tobago,2007,0
Trinidad and Tobago,2006,0
Trinidad and Tobago,2005,0
Trinidad and Tobago,2004,0
Trinidad and Tobago,2003,0
Trinidad and Tobago,2002,0
Trinidad and Tobago,2001,0
Trinidad and Tobago,2000,0
Tunisia,2015,16
Tunisia,2014,15
Tunisia,2013,16
Tunisia,2012,48
Tunisia,2011,11
Tunisia,2010,1
Tunisia,2009,1
Tunisia,2008,2
Tunisia,2007,4
Tunisia,2006,3
Tunisia,2005,15
Tunisia,2004,1
Tunisia,2003,22
Tunisia,2002,98
Tunisia,2001,231
Tunisia,2000,47
Turkmenistan,2015,0
Turkmenistan,2014,0
Turkmenistan,2013,0
Turkmenistan,2012,0
Turkmenistan,2011,0
Turkmenistan,2010,0
Turkmenistan,2009,0
Turkmenistan,2008,0
Turkmenistan,2007,59
Turkmenistan,2006,48
Turkmenistan,2005,0
Turkmenistan,2004,1
Turkmenistan,2003,1
Turkmenistan,2002,11
Turkmenistan,2001,9
Turkmenistan,2000,113
Turks and Caicos Islands,2003,0
Turks and Caicos Islands,2002,0
Turks and Caicos Islands,2001,0
Turks and Caicos Islands,2000,0
Tuvalu,2012,0
Tuvalu,2011,0
Tuvalu,2010,0
Tuvalu,2009,0
Tuvalu,2008,0
Tuvalu,2007,0
Tuvalu,2006,0
Tuvalu,2005,0
Tuvalu,2004,0
Tuvalu,2003,0
Tuvalu,2002,0
Tuvalu,2001,0
Uganda,2015,478
Uganda,2014,314
Uganda,2013,7878
Uganda,2012,2027
Uganda,2011,3312
Uganda,2010,1313
Uganda,2009,1601
Uganda,2008,1319
Uganda,2007,3776
Uganda,2006,5736
Uganda,2005,22
Uganda,2004,141
Uganda,2003,29429
Uganda,2002,49871
Uganda,2001,48543
Uganda,2000,42554
Ukraine,2015,105
Ukraine,2012,12746
Ukraine,2011,1333
Ukraine,2010,39
Ukraine,2008,48
Ukraine,2007,1005
Ukraine,2006,42724
Ukraine,2005,2392
Ukraine,2004,146
Ukraine,2003,411
Ukraine,2002,7587
Ukraine,2001,16970
Ukraine,2000,817
United Arab Emirates,2015,347
United Arab Emirates,2014,344
United Arab Emirates,2012,132
United Arab Emirates,2010,87
United Arab Emirates,2008,55
United Arab Emirates,2005,29
United Arab Emirates,2004,22
United Arab Emirates,2003,42
United Arab Emirates,2002,53
United Arab Emirates,2001,30
United Arab Emirates,2000,69
United Kingdom and Northern Ireland,2015,91
United Kingdom and Northern Ireland,2014,133
United Kingdom and Northern Ireland,2013,1919
United Kingdom and Northern Ireland,2012,2092
United Kingdom and Northern Ireland,2011,1112
United Kingdom and Northern Ireland,2010,443
United Kingdom and Northern Ireland,2009,1212
United Kingdom and Northern Ireland,2008,1445
United Kingdom and Northern Ireland,2007,1022
United Kingdom and Northern Ireland,2006,764
United Kingdom and Northern Ireland,2005,79
United Kingdom and Northern Ireland,2004,189
United Kingdom and Northern Ireland,2003,460
United Kingdom and Northern Ireland,2002,314
United Kingdom and Northern Ireland,2001,73
United Kingdom and Northern Ireland,2000,104
United Republic of Tanzania,2015,30
United Republic of Tanzania,2014,88
United Republic of Tanzania,2013,185
United Republic of Tanzania,2012,1668
United Republic of Tanzania,2011,1622
United Republic of Tanzania,2010,167
United Republic of Tanzania,2009,1574
United Republic of Tanzania,2008,3413
United Republic of Tanzania,2007,7726
United Republic of Tanzania,2006,2362
United Republic of Tanzania,2005,23
United Republic of Tanzania,2004,1419
United Republic of Tanzania,2003,1673
United Republic of Tanzania,2002,5131
United Republic of Tanzania,2001,11847
United Republic of Tanzania,2000,14649
United States of America,2015,188
United States of America,2014,667
United States of America,2013,187
United States of America,2012,55
United States of America,2011,220
United States of America,2010,63
United States of America,2009,71
United States of America,2008,140
United States of America,2007,43
United States of America,2006,55
United States of America,2005,66
United States of America,2004,37
United States of America,2003,56
United States of America,2002,41
United States of America,2001,116
United States of America,2000,85
Uruguay,2015,0
Uruguay,2014,0
Uruguay,2013,0
Uruguay,2012,0
Uruguay,2011,0
Uruguay,2010,0
Uruguay,2009,0
Uruguay,2008,0
Uruguay,2007,0
Uruguay,2006,0
Uruguay,2005,0
Uruguay,2004,0
Uruguay,2003,0
Uruguay,2002,0
Uruguay,2001,0
Uruguay,2000,0
Uzbekistan,2015,22
Uzbekistan,2014,8
Uzbekistan,2013,0
Uzbekistan,2011,476
Uzbekistan,2010,117
Uzbekistan,2009,0
Uzbekistan,2008,2
Uzbekistan,2007,863
Uzbekistan,2006,823
Uzbekistan,2005,737
Uzbekistan,2004,75
Uzbekistan,2003,85
Uzbekistan,2002,25
Uzbekistan,2001,22
Uzbekistan,2000,80
Vanuatu,2015,39
Vanuatu,2014,10
Vanuatu,2013,0
Vanuatu,2012,0
Vanuatu,2011,0
Vanuatu,2010,0
Vanuatu,2009,0
Vanuatu,2008,0
Vanuatu,2007,0
Vanuatu,2006,0
Vanuatu,2005,3
Vanuatu,2003,165
Vanuatu,2002,101
Vanuatu,2001,7
Vanuatu,2000,9
Venezuela (Bolivarian Republic of),2015,0
Venezuela (Bolivarian Republic of),2014,0
Venezuela (Bolivarian Republic of),2013,0
Venezuela (Bolivarian Republic of),2012,1
Venezuela (Bolivarian Republic of),2011,0
Venezuela (Bolivarian Republic of),2010,0
Venezuela (Bolivarian Republic of),2009,0
Venezuela (Bolivarian Republic of),2008,0
Venezuela (Bolivarian Republic of),2007,32
Venezuela (Bolivarian Republic of),2006,78
Venezuela (Bolivarian Republic of),2005,0
Venezuela (Bolivarian Republic of),2004,0
Venezuela (Bolivarian Republic of),2003,0
Venezuela (Bolivarian Republic of),2002,2392
Venezuela (Bolivarian Republic of),2001,115
Venezuela (Bolivarian Republic of),2000,22
Viet Nam,2015,256
Viet Nam,2014,15033
Viet Nam,2013,1123
Viet Nam,2012,578
Viet Nam,2011,750
Viet Nam,2010,2809
Viet Nam,2009,6582
Viet Nam,2008,352
Viet Nam,2007,17
Viet Nam,2006,1978
Viet Nam,2005,410
Viet Nam,2004,217
Viet Nam,2003,2297
Viet Nam,2002,6755
Viet Nam,2001,12058
Viet Nam,2000,16512
Wallis and Futuna Islands,2013,0
Wallis and Futuna Islands,2012,0
Wallis and Futuna Islands,2007,0
Wallis and Futuna Islands,2003,0
Wallis and Futuna Islands,2000,0
Yemen,2015,468
Yemen,2014,815
Yemen,2013,400
Yemen,2012,2177
Yemen,2011,2676
Yemen,2010,510
Yemen,2009,130
Yemen,2008,7
Yemen,2007,13
Yemen,2006,8079
Yemen,2005,6285
Yemen,2004,12708
Yemen,2003,8536
Yemen,2002,890
Yemen,2001,485
Zambia,2015,9
Zambia,2014,9
Zambia,2013,35
Zambia,2012,896
Zambia,2011,13234
Zambia,2010,15754
Zambia,2009,26
Zambia,2008,140
Zambia,2007,535
Zambia,2006,459
Zambia,2005,45
Zambia,2004,35
Zambia,2003,881
Zambia,2002,25036
Zambia,2001,16997
Zambia,2000,30930
Zimbabwe,2015,0
Zimbabwe,2014,0
Zimbabwe,2013,0
Zimbabwe,2012,0
Zimbabwe,2011,0
Zimbabwe,2010,9696
Zimbabwe,2009,853
Zimbabwe,2008,0
Zimbabwe,2007,242
Zimbabwe,2006,212
Zimbabwe,2005,420
Zimbabwe,2004,31
Zimbabwe,2003,998
Zimbabwe,2002,304
Zimbabwe,2001,529
Zimbabwe,2000,1483
